SKU_ID,Nombre_Producto,Categoria_Producto,Mes_Ano,Total,Ctdad_Ordenada,Base_imponible,Margen,Porcentaje_Margen,Precio_Unitario,Costo_Unitario,Precio_Unitario_Safe,Ctdad_Ordenada_Safe,Var_Pct_Precio_Real,Flag_Intervencion_Humana,Margen_Mes_Real,P_Experto_Humano,Margen_Humano_Historico,Margen_Teorico_Base,Umbral_Shock_Costo,P_Experto_Estrategia,Margen_Objetivo_Activo,Precio_Costo_Base,P_Experto_Inflacion,P_Ley_Techo,Ctdad_Comprada,Ctdad_Facturada,Total_Libre_Impuestos,Stock_Teorico_Acumulado,Flag_Quiebre_Probable,Var_Volumen,Multiplicador_Demanda,P_Experto_Stock,P_Ley_Piso,Volumen_Base_Pre_Mandato,Precio_Ancla_Mandato,Retencion_Volumen,Flag_Validacion_Mercado,Flag_Rechazo_Mercado,P_Experto_Elasticidad,Meses_Desde_Mandato,Peso_Humano,Peso_Elasticidad,Peso_Estrategia,Peso_Inflacion,Peso_Stock,Precio_Solufar_Emitido,Flag_Actuo_Ley_Piso,Flag_Actuo_Ley_Techo,Flag_Freno_Amortiguador,Driver_Precio,Margen_CLP_Final,Margen_Pct_Final,Explicacion_Dinamica
905063,ACIDO URSODEOXICOLICO 250 MG DFM PHARMA X 60 CAPS (GENER),GENERICO,2023-11-01,52360,2,44000,20716,0.4708,26180,13854,26180,2,0.0,True,0.47081741787624143,26180.0,0.47081741787624143,0.3,4000.0,19791.428571428572,0.3,26180.0,26180.0,inf,2.0,2.0,23284.0,0.0,True,0.0,1.0,26180.0,15239.400000000001,2.0,26180,1.0,True,False,26180.0,0,1.0,0.0,0.0,0.0,0.0,26180.0,False,False,False,MANDATO_HUMANO,12326.0,47.08174178762414,"🛑 <b>Capa 0: Mandato Humano</b><br>El administrador fijó el precio a $26,180.<br>Inicio de medición de elasticidad para el nuevo ciclo."
905063,ACIDO URSODEOXICOLICO 250 MG DFM PHARMA X 60 CAPS (GENER),GENERICO,2023-12-01,52360,2,44000,20716,0.4708,26180,13854,26180,2,0.0,False,0.47081741787624143,26180.0,0.47081741787624143,0.3,4000.0,19791.428571428572,0.3,26180.0,26180.0,inf,3.0,3.0,34926.0,1.0,True,0.0,1.0,26180.0,15239.400000000001,2.0,26180,1.0,True,False,26180.0,1,0.8,0.11999999999999997,0.019999999999999997,0.039999999999999994,0.019999999999999997,25990.0,False,False,False,HIBRIDO_ORQUESTADO,12136.0,46.69488264717199,"⚖️ <b>Transición Híbrida</b><br>Costo: $13,854 | Piso Margen: 30.0%<br>📊 <b>Pesos:</b> 🧑‍💼 Hum: 80% | 🧠 Elast: 12% | 🏢 Estrat: 2% | 📈 Macr: 4% | 📦 Stk: 2%<br>🎯 <b>Capa 8 (Elasticidad):</b> Mercado validó el precio (Retención: 100%). El experto defiende el valor comercial.<br>"
905063,ACIDO URSODEOXICOLICO 250 MG DFM PHARMA X 60 CAPS (GENER),GENERICO,2024-01-01,104720,4,88000,41432,0.4708,26180,13854,26180,4,0.0,False,0.47081741787624143,26180.0,0.47081741787624143,0.3,4000.0,19791.428571428572,0.3,26180.0,26180.0,inf,5.0,5.0,58210.0,2.0,True,0.0,1.0,26180.0,15239.400000000001,2.0,26180,2.0,True,False,26180.0,2,0.5,0.3,0.05,0.1,0.05,25990.0,False,False,False,HIBRIDO_ORQUESTADO,12136.0,46.69488264717199,"⚖️ <b>Transición Híbrida</b><br>Costo: $13,854 | Piso Margen: 30.0%<br>📊 <b>Pesos:</b> 🧑‍💼 Hum: 50% | 🧠 Elast: 30% | 🏢 Estrat: 5% | 📈 Macr: 10% | 📦 Stk: 5%<br>🎯 <b>Capa 8 (Elasticidad):</b> Mercado validó el precio (Retención: 200%). El experto defiende el valor comercial.<br>"
905063,ACIDO URSODEOXICOLICO 250 MG DFM PHARMA X 60 CAPS (GENER),GENERICO,2024-02-01,130900,5,110000,51790,0.4708,26180,13854,26180,5,0.0,False,0.47081741787624143,26180.0,0.47081741787624143,0.3,4000.0,19791.428571428572,0.3,26180.0,26310.899999999998,inf,6.0,6.0,69852.0,3.0,False,1.0,1.15,30257.534999999996,15239.400000000001,2.0,26180,2.5,True,False,26180.0,3,0.2,0.48,0.08000000000000002,0.16000000000000003,0.08000000000000002,25990.0,False,False,False,HIBRIDO_ORQUESTADO,12136.0,46.69488264717199,"⚖️ <b>Transición Híbrida</b><br>Costo: $13,854 | Piso Margen: 30.0%<br>📊 <b>Pesos:</b> 🧑‍💼 Hum: 20% | 🧠 Elast: 48% | 🏢 Estrat: 8% | 📈 Macr: 16% | 📦 Stk: 8%<br>🎯 <b>Capa 8 (Elasticidad):</b> Mercado validó el precio (Retención: 250%). El experto defiende el valor comercial.<br>📈 <b>Capa 5:</b> Aceleración de demanda (Captura de margen a 1.15x).<br>"
905063,ACIDO URSODEOXICOLICO 250 MG DFM PHARMA X 60 CAPS (GENER),GENERICO,2024-03-01,26180,1,22000,10358,0.4708,26180,13854,26180,1,0.0,False,0.47081741787624143,26180.0,0.47081741787624143,0.3,4000.0,19791.428571428572,0.3,26180.0,26837.118,inf,3.0,3.0,34926.0,5.0,False,0.25,1.0,26837.118,15239.400000000001,2.0,26180,0.5,False,True,26180.0,4,0.0,0.1,0.4,0.3,0.2,23990.0,False,False,False,ALGORITMO_ESTRATEGICO,10136.0,42.250937890787824,"⚙️ <b>Algoritmo Estratégico</b><br>Costo: $13,854 | Piso Margen: 30.0%<br>📊 <b>Pesos:</b> 🧑‍💼 Hum: 0% | 🧠 Elast: 10% | 🏢 Estrat: 40% | 📈 Macr: 30% | 📦 Stk: 20%<br>⚠️ <b>Capa 8 (Elasticidad):</b> Rechazo de mercado detectado (Retención: 50%). Se prioriza recuperar volumen.<br>"
905063,ACIDO URSODEOXICOLICO 250 MG DFM PHARMA X 60 CAPS (GENER),GENERICO,2024-04-01,26180,1,22000,10358,0.4708,26180,13854,26180,1,0.0,False,0.47081741787624143,26180.0,0.47081741787624143,0.3,4000.0,19791.428571428572,0.3,26180.0,26998.140708,inf,0.0,,,4.0,False,-0.8,1.0,26998.140708,15239.400000000001,2.0,26180,0.5,False,True,26180.0,5,0.0,0.1,0.4,0.3,0.2,23990.0,False,False,False,ALGORITMO_ESTRATEGICO,10136.0,42.250937890787824,"⚙️ <b>Algoritmo Estratégico</b><br>Costo: $13,854 | Piso Margen: 30.0%<br>📊 <b>Pesos:</b> 🧑‍💼 Hum: 0% | 🧠 Elast: 10% | 🏢 Estrat: 40% | 📈 Macr: 30% | 📦 Stk: 20%<br>⚠️ <b>Capa 8 (Elasticidad):</b> Rechazo de mercado detectado (Retención: 50%). Se prioriza recuperar volumen.<br>"
905063,ACIDO URSODEOXICOLICO 250 MG DFM PHARMA X 60 CAPS (GENER),GENERICO,2024-05-01,26180,1,22000,10358,0.4708,26180,13854,26180,1,0.0,False,0.47081741787624143,26180.0,0.47081741787624143,0.3,4000.0,19791.428571428572,0.3,26180.0,26998.140708,inf,0.0,,,3.0,False,0.0,1.0,26998.140708,15239.400000000001,2.0,26180,0.5,False,True,26180.0,6,0.0,0.1,0.4,0.3,0.2,23990.0,False,False,False,ALGORITMO_ESTRATEGICO,10136.0,42.250937890787824,"⚙️ <b>Algoritmo Estratégico</b><br>Costo: $13,854 | Piso Margen: 30.0%<br>📊 <b>Pesos:</b> 🧑‍💼 Hum: 0% | 🧠 Elast: 10% | 🏢 Estrat: 40% | 📈 Macr: 30% | 📦 Stk: 20%<br>⚠️ <b>Capa 8 (Elasticidad):</b> Rechazo de mercado detectado (Retención: 50%). Se prioriza recuperar volumen.<br>"
905063,ACIDO URSODEOXICOLICO 250 MG DFM PHARMA X 60 CAPS (GENER),GENERICO,2024-06-01,26180,1,22000,10358,0.4708,26180,13854,26180,1,0.0,False,0.47081741787624143,26180.0,0.47081741787624143,0.3,4000.0,19791.428571428572,0.3,26180.0,27025.138848707997,inf,0.0,,,2.0,False,0.0,1.0,27025.138848707997,15239.400000000001,2.0,26180,0.5,False,True,26180.0,7,0.0,0.1,0.4,0.3,0.2,23990.0,False,False,False,ALGORITMO_ESTRATEGICO,10136.0,42.250937890787824,"⚙️ <b>Algoritmo Estratégico</b><br>Costo: $13,854 | Piso Margen: 30.0%<br>📊 <b>Pesos:</b> 🧑‍💼 Hum: 0% | 🧠 Elast: 10% | 🏢 Estrat: 40% | 📈 Macr: 30% | 📦 Stk: 20%<br>⚠️ <b>Capa 8 (Elasticidad):</b> Rechazo de mercado detectado (Retención: 50%). Se prioriza recuperar volumen.<br>"
905063,ACIDO URSODEOXICOLICO 250 MG DFM PHARMA X 60 CAPS (GENER),GENERICO,2024-09-01,78540,3,66000,31074,0.4708,26180,13854,26180,3,0.0,False,0.47081741787624143,26180.0,0.47081741787624143,0.3,4000.0,19791.428571428572,0.3,26180.0,27484.56620913603,inf,0.0,,,-1.0,True,0.0,1.0,27484.56620913603,15239.400000000001,2.0,26180,1.5,True,False,26180.0,8,0.0,0.6,0.1,0.2,0.1,24990.0,False,False,True,ALGORITMO_ESTRATEGICO,11136.0,44.56182472989196,"⚙️ <b>Algoritmo Estratégico</b><br>Costo: $13,854 | Piso Margen: 30.0%<br>📊 <b>Pesos:</b> 🧑‍💼 Hum: 0% | 🧠 Elast: 60% | 🏢 Estrat: 10% | 📈 Macr: 20% | 📦 Stk: 10%<br>🎯 <b>Capa 8 (Elasticidad):</b> Mercado validó el precio (Retención: 150%). El experto defiende el valor comercial.<br>🚥 <b>Capa 7:</b> Amortiguador Activo. Alza capada al 5% para proteger al cliente.<br>"
905063,ACIDO URSODEOXICOLICO 250 MG DFM PHARMA X 60 CAPS (GENER),GENERICO,2024-10-01,89070,3,74850,39924,0.5334,29690,13854,29690,3,0.13407181054239878,True,0.5333782418322668,29690.0,0.5333782418322668,0.3,4000.0,19791.428571428572,0.3,29690.0,29690.0,inf,0.0,0.0,56628.0,-4.0,True,2.0,1.0,29690.0,15239.400000000001,1.6666666666666667,29690,1.7999999999999998,True,False,29690.0,0,1.0,0.0,0.0,0.0,0.0,29690.0,False,False,False,MANDATO_HUMANO,15836.0,53.33782418322668,"🛑 <b>Capa 0: Mandato Humano</b><br>El administrador fijó el precio a $29,690.<br>Inicio de medición de elasticidad para el nuevo ciclo."
905063,ACIDO URSODEOXICOLICO 250 MG DFM PHARMA X 60 CAPS (GENER),GENERICO,2024-11-01,29690,1,24950,13308,0.5334,29690,13854,29690,1,0.0,False,0.5333782418322668,29690.0,0.5333782418322668,0.3,4000.0,19791.428571428572,0.3,29690.0,29808.76,inf,0.0,,,-5.0,True,0.0,1.0,29808.76,15239.400000000001,1.6666666666666667,29690,0.6,False,True,29690.0,1,0.8,0.019999999999999997,0.07999999999999999,0.059999999999999984,0.039999999999999994,28990.0,False,False,False,HIBRIDO_ORQUESTADO,15136.0,52.21110727837185,"⚖️ <b>Transición Híbrida</b><br>Costo: $13,854 | Piso Margen: 30.0%<br>📊 <b>Pesos:</b> 🧑‍💼 Hum: 80% | 🧠 Elast: 2% | 🏢 Estrat: 8% | 📈 Macr: 6% | 📦 Stk: 4%<br>⚠️ <b>Capa 8 (Elasticidad):</b> Rechazo de mercado detectado (Retención: 60%). Se prioriza recuperar volumen.<br>"
905063,ACIDO URSODEOXICOLICO 250 MG DFM PHARMA X 60 CAPS (GENER),GENERICO,2024-12-01,59380,2,49900,19396,0.3887,29690,18150,29690,2,0.0,False,0.38868305826877736,29690.0,0.5333782418322668,0.3,4000.0,25928.57142857143,0.3,29690.0,29927.995039999998,inf,2.0,2.0,37724.0,-5.0,True,-0.6666666666666667,1.0,29927.995039999998,19965.0,1.6666666666666667,29690,1.2,True,False,29690.0,2,0.5,0.3,0.05,0.1,0.05,29990.0,False,False,False,HIBRIDO_ORQUESTADO,11840.0,39.47982660886962,"⚖️ <b>Transición Híbrida</b><br>Costo: $18,150 | Piso Margen: 30.0%<br>📊 <b>Pesos:</b> 🧑‍💼 Hum: 50% | 🧠 Elast: 30% | 🏢 Estrat: 5% | 📈 Macr: 10% | 📦 Stk: 5%<br>🎯 <b>Capa 8 (Elasticidad):</b> Mercado validó el precio (Retención: 120%). El experto defiende el valor comercial.<br>📦 <b>Capa 5:</b> Blindaje por Bajo Stock (Descuento suspendido para proteger margen).<br>"
905063,ACIDO URSODEOXICOLICO 250 MG DFM PHARMA X 60 CAPS (GENER),GENERICO,2025-02-01,29690,1,24950,7893,0.3164,29690,20297,29690,1,0.0,False,0.3163691478612327,29690.0,0.5333782418322668,0.3,4000.0,28995.714285714286,0.3,29690.0,30017.779025119995,inf,2.0,2.0,37724.0,-4.0,True,1.0,1.0,30017.779025119995,22326.7,1.6666666666666667,29690,0.6,False,True,29690.0,3,0.2,0.08000000000000002,0.32000000000000006,0.24,0.16000000000000003,29990.0,False,False,False,HIBRIDO_ORQUESTADO,9693.0,32.32077359119707,"⚖️ <b>Transición Híbrida</b><br>Costo: $20,297 | Piso Margen: 30.0%<br>📊 <b>Pesos:</b> 🧑‍💼 Hum: 20% | 🧠 Elast: 8% | 🏢 Estrat: 32% | 📈 Macr: 24% | 📦 Stk: 16%<br>⚠️ <b>Capa 8 (Elasticidad):</b> Rechazo de mercado detectado (Retención: 60%). Se prioriza recuperar volumen.<br>"
905063,ACIDO URSODEOXICOLICO 250 MG DFM PHARMA X 60 CAPS (GENER),GENERICO,2025-03-01,59380,2,49899,14341,0.2874,29690,21157,29690,2,0.0,False,0.2874031660491748,29690.0,0.5333782418322668,0.3,4000.0,30224.285714285717,0.3,30224.285714285717,30224.285714285717,inf,0.0,,,-6.0,True,-0.5,1.0,30224.285714285717,23272.7,1.6666666666666667,29690,1.2,True,False,29690.0,4,0.0,0.6,0.1,0.2,0.1,29990.0,False,False,False,ALGORITMO_ESTRATEGICO,8833.0,29.45315105035012,"⚙️ <b>Algoritmo Estratégico</b><br>Costo: $21,157 | Piso Margen: 30.0%<br>📊 <b>Pesos:</b> 🧑‍💼 Hum: 0% | 🧠 Elast: 60% | 🏢 Estrat: 10% | 📈 Macr: 20% | 📦 Stk: 10%<br>🎯 <b>Capa 8 (Elasticidad):</b> Mercado validó el precio (Retención: 120%). El experto defiende el valor comercial.<br>📦 <b>Capa 5:</b> Blindaje por Bajo Stock (Descuento suspendido para proteger margen).<br>"
905063,ACIDO URSODEOXICOLICO 250 MG DFM PHARMA X 60 CAPS (GENER),GENERICO,2025-04-01,178140,6,149698,39310,0.2626,29690,21894,29690,6,0.0,False,0.26257999326372516,29690.0,0.5333782418322668,0.3,4000.0,31277.14285714286,0.3,31277.14285714286,31277.14285714286,inf,7.0,7.0,110374.0,-5.0,True,1.0,1.0,31277.14285714286,24083.4,1.6666666666666667,29690,3.5999999999999996,True,False,29690.0,5,0.0,0.6,0.1,0.2,0.1,29990.0,False,False,False,ALGORITMO_ESTRATEGICO,8096.0,26.995665221740577,"⚙️ <b>Algoritmo Estratégico</b><br>Costo: $21,894 | Piso Margen: 30.0%<br>📊 <b>Pesos:</b> 🧑‍💼 Hum: 0% | 🧠 Elast: 60% | 🏢 Estrat: 10% | 📈 Macr: 20% | 📦 Stk: 10%<br>🎯 <b>Capa 8 (Elasticidad):</b> Mercado validó el precio (Retención: 360%). El experto defiende el valor comercial.<br>"
905063,ACIDO URSODEOXICOLICO 250 MG DFM PHARMA X 60 CAPS (GENER),GENERICO,2025-05-01,89070,3,74849,34856,0.4657,29690,15864,29690,3,0.0,False,0.4656786796901314,29690.0,0.5333782418322668,0.3,4000.0,22662.857142857145,0.3,29690.0,30870.54,inf,3.0,3.0,56586.0,-5.0,True,2.0,1.0,30870.54,17450.4,1.6666666666666667,29690,1.7999999999999998,True,False,29690.0,6,0.0,0.6,0.1,0.2,0.1,28990.0,False,False,False,ALGORITMO_ESTRATEGICO,13126.0,45.27768195929631,"⚙️ <b>Algoritmo Estratégico</b><br>Costo: $15,864 | Piso Margen: 30.0%<br>📊 <b>Pesos:</b> 🧑‍💼 Hum: 0% | 🧠 Elast: 60% | 🏢 Estrat: 10% | 📈 Macr: 20% | 📦 Stk: 10%<br>🎯 <b>Capa 8 (Elasticidad):</b> Mercado validó el precio (Retención: 180%). El experto defiende el valor comercial.<br>"
905063,ACIDO URSODEOXICOLICO 250 MG DFM PHARMA X 60 CAPS (GENER),GENERICO,2025-06-01,207830,7,174649,48147,0.2757,29690,21505,29690,7,0.0,False,0.27568204782755135,29690.0,0.5333782418322668,0.3,4000.0,30721.428571428572,0.3,30721.428571428572,31240.98648,inf,5.0,5.0,94310.0,-7.0,True,-0.5,1.0,31240.98648,23655.500000000004,1.6666666666666667,29690,4.2,True,False,29690.0,7,0.0,0.6,0.1,0.2,0.1,29990.0,False,False,False,ALGORITMO_ESTRATEGICO,8485.0,28.292764254751585,"⚙️ <b>Algoritmo Estratégico</b><br>Costo: $21,505 | Piso Margen: 30.0%<br>📊 <b>Pesos:</b> 🧑‍💼 Hum: 0% | 🧠 Elast: 60% | 🏢 Estrat: 10% | 📈 Macr: 20% | 📦 Stk: 10%<br>🎯 <b>Capa 8 (Elasticidad):</b> Mercado validó el precio (Retención: 420%). El experto defiende el valor comercial.<br>📦 <b>Capa 5:</b> Blindaje por Bajo Stock (Descuento suspendido para proteger margen).<br>"
905063,ACIDO URSODEOXICOLICO 250 MG DFM PHARMA X 60 CAPS (GENER),GENERICO,2025-07-01,118760,4,99799,24351,0.244,29690,22446,29690,4,0.0,False,0.243987874705288,29690.0,0.5333782418322668,0.3,4000.0,32065.714285714286,0.3,32065.714285714286,32065.714285714286,inf,8.0,8.0,150896.0,-3.0,True,1.3333333333333335,1.0,32065.714285714286,24690.600000000002,1.6666666666666667,29690,2.4,True,False,29690.0,8,0.0,0.6,0.1,0.2,0.1,30990.0,False,False,False,ALGORITMO_ESTRATEGICO,8544.0,27.570183930300097,"⚙️ <b>Algoritmo Estratégico</b><br>Costo: $22,446 | Piso Margen: 30.0%<br>📊 <b>Pesos:</b> 🧑‍💼 Hum: 0% | 🧠 Elast: 60% | 🏢 Estrat: 10% | 📈 Macr: 20% | 📦 Stk: 10%<br>🎯 <b>Capa 8 (Elasticidad):</b> Mercado validó el precio (Retención: 240%). El experto defiende el valor comercial.<br>"
905063,ACIDO URSODEOXICOLICO 250 MG DFM PHARMA X 60 CAPS (GENER),GENERICO,2025-08-01,148450,5,124749,33937,0.272,29690,21613,29690,5,0.0,False,0.27204445941394406,29690.0,0.5333782418322668,0.3,4000.0,30875.714285714286,0.3,30875.714285714286,32161.911428571424,inf,5.0,5.0,80320.0,-3.0,True,-0.4285714285714286,1.0,32161.911428571424,23774.300000000003,1.6666666666666667,29690,3.0,True,False,29690.0,9,0.0,0.6,0.1,0.2,0.1,30990.0,False,False,False,ALGORITMO_ESTRATEGICO,9377.0,30.258147789609552,"⚙️ <b>Algoritmo Estratégico</b><br>Costo: $21,613 | Piso Margen: 30.0%<br>📊 <b>Pesos:</b> 🧑‍💼 Hum: 0% | 🧠 Elast: 60% | 🏢 Estrat: 10% | 📈 Macr: 20% | 📦 Stk: 10%<br>🎯 <b>Capa 8 (Elasticidad):</b> Mercado validó el precio (Retención: 300%). El experto defiende el valor comercial.<br>📦 <b>Capa 5:</b> Blindaje por Bajo Stock (Descuento suspendido para proteger margen).<br>"
905063,ACIDO URSODEOXICOLICO 250 MG DFM PHARMA X 60 CAPS (GENER),GENERICO,2025-09-01,118760,4,99800,31348,0.3141,29690,20364,29690,4,0.0,False,0.31411249578982825,29690.0,0.5333782418322668,0.3,4000.0,29091.428571428572,0.3,29690.0,32322.720985714277,inf,5.0,5.0,80320.0,-2.0,True,0.25,1.0,32322.720985714277,22400.4,1.6666666666666667,29690,2.4,True,False,29690.0,10,0.0,0.6,0.1,0.2,0.1,29990.0,False,False,False,ALGORITMO_ESTRATEGICO,9626.0,32.0973657885962,"⚙️ <b>Algoritmo Estratégico</b><br>Costo: $20,364 | Piso Margen: 30.0%<br>📊 <b>Pesos:</b> 🧑‍💼 Hum: 0% | 🧠 Elast: 60% | 🏢 Estrat: 10% | 📈 Macr: 20% | 📦 Stk: 10%<br>🎯 <b>Capa 8 (Elasticidad):</b> Mercado validó el precio (Retención: 240%). El experto defiende el valor comercial.<br>"
905063,ACIDO URSODEOXICOLICO 250 MG DFM PHARMA X 60 CAPS (GENER),GENERICO,2025-10-01,207830,7,174648,60100,0.3441,29690,19473,29690,7,0.0,False,0.34412260020208824,29690.0,0.5333782418322668,0.3,4000.0,27818.57142857143,0.3,29690.0,31967.171054871418,inf,0.0,,,-9.0,True,-0.19999999999999996,1.0,31967.171054871418,21420.300000000003,1.6666666666666667,29690,4.2,True,False,29690.0,11,0.0,0.6,0.1,0.2,0.1,29990.0,False,False,False,ALGORITMO_ESTRATEGICO,10517.0,35.068356118706234,"⚙️ <b>Algoritmo Estratégico</b><br>Costo: $19,473 | Piso Margen: 30.0%<br>📊 <b>Pesos:</b> 🧑‍💼 Hum: 0% | 🧠 Elast: 60% | 🏢 Estrat: 10% | 📈 Macr: 20% | 📦 Stk: 10%<br>🎯 <b>Capa 8 (Elasticidad):</b> Mercado validó el precio (Retención: 420%). El experto defiende el valor comercial.<br>📦 <b>Capa 5:</b> Blindaje por Bajo Stock (Descuento suspendido para proteger margen).<br>"
905063,ACIDO URSODEOXICOLICO 250 MG DFM PHARMA X 60 CAPS (GENER),GENERICO,2025-11-01,32990,1,27723,2223,0.0802,32990,30345,32990,1,0.1111485348602223,True,0.08017581085177326,32990.0,0.5333782418322668,0.3,4000.0,43350.0,0.3,43350.0,43350.0,inf,13.0,13.0,331500.0,3.0,True,0.75,1.0,43350.0,33379.5,5.333333333333333,32990,0.1875,False,True,43350.0,0,1.0,0.0,0.0,0.0,0.0,32990.0,False,False,False,MANDATO_HUMANO,2645.0,8.017581085177326,"🛑 <b>Capa 0: Mandato Humano</b><br>El administrador fijó el precio a $32,990.<br>Inicio de medición de elasticidad para el nuevo ciclo."
905063,ACIDO URSODEOXICOLICO 250 MG DFM PHARMA X 60 CAPS (GENER),GENERICO,2025-12-01,230930,7,194059,15559,0.0802,32990,30345,32990,7,0.0,False,0.08017581085177326,32990.0,0.5333782418322668,0.3,4000.0,43350.0,0.3,43350.0,43350.0,inf,6.0,6.0,153000.0,2.0,False,-0.8571428571428572,0.8714285714285714,37776.42857142857,33379.5,5.333333333333333,32990,1.3125,True,False,32990.0,1,0.8,0.11999999999999997,0.019999999999999997,0.039999999999999994,0.019999999999999997,33990.0,False,False,False,HIBRIDO_ORQUESTADO,3645.0,10.723742277140335,"⚖️ <b>Transición Híbrida</b><br>Costo: $30,345 | Piso Margen: 30.0%<br>📊 <b>Pesos:</b> 🧑‍💼 Hum: 80% | 🧠 Elast: 12% | 🏢 Estrat: 2% | 📈 Macr: 4% | 📦 Stk: 2%<br>🎯 <b>Capa 8 (Elasticidad):</b> Mercado validó el precio (Retención: 131%). El experto defiende el valor comercial.<br>📉 <b>Capa 5:</b> Caída de rotación (Descuento dinámico a 0.87x para activar demanda).<br>"
905063,ACIDO URSODEOXICOLICO 250 MG DFM PHARMA X 60 CAPS (GENER),GENERICO,2026-01-01,230930,7,194060,15560,0.0802,32990,30345,32990,7,0.0,False,0.08017581085177326,32990.0,0.5333782418322668,0.3,4000.0,43350.0,0.3,43350.0,43913.549999999996,inf,0.0,,,-5.0,True,6.0,1.15,50500.58249999999,33379.5,5.333333333333333,32990,1.3125,True,False,32990.0,2,0.5,0.3,0.05,0.1,0.05,34990.0,False,False,False,HIBRIDO_ORQUESTADO,4645.0,13.275221491854817,"⚖️ <b>Transición Híbrida</b><br>Costo: $30,345 | Piso Margen: 30.0%<br>📊 <b>Pesos:</b> 🧑‍💼 Hum: 50% | 🧠 Elast: 30% | 🏢 Estrat: 5% | 📈 Macr: 10% | 📦 Stk: 5%<br>🎯 <b>Capa 8 (Elasticidad):</b> Mercado validó el precio (Retención: 131%). El experto defiende el valor comercial.<br>📈 <b>Capa 5:</b> Aceleración de demanda (Captura de margen a 1.15x).<br>"
905063,ACIDO URSODEOXICOLICO 250 MG DFM PHARMA X 60 CAPS (GENER),GENERICO,2026-02-01,32990,1,27723,2012,0.0726,32990,30596,32990,1,0.0,False,0.07256744468020612,32990.0,0.5333782418322668,0.3,4000.0,43708.571428571435,0.3,43708.571428571435,44572.253249999994,inf,5.0,5.0,129395.0,-1.0,True,0.0,1.0,44572.253249999994,33655.600000000006,5.333333333333333,32990,0.1875,False,True,43708.571428571435,3,0.2,0.08000000000000002,0.32000000000000006,0.24,0.16000000000000003,36990.0,False,False,True,HIBRIDO_ORQUESTADO,6394.0,17.28575290619086,"⚖️ <b>Transición Híbrida</b><br>Costo: $30,596 | Piso Margen: 30.0%<br>📊 <b>Pesos:</b> 🧑‍💼 Hum: 20% | 🧠 Elast: 8% | 🏢 Estrat: 32% | 📈 Macr: 24% | 📦 Stk: 16%<br>⚠️ <b>Capa 8 (Elasticidad):</b> Rechazo de mercado detectado (Retención: 19%). Se prioriza recuperar volumen.<br>🚥 <b>Capa 7:</b> Amortiguador Activo. Alza capada al 5% para proteger al cliente.<br>"
905063,ACIDO URSODEOXICOLICO 250 MG DFM PHARMA X 60 CAPS (GENER),GENERICO,2026-03-01,197940,6,166336,12082,0.0726,32990,30594,32990,6,0.0,False,0.07262806911185207,32990.0,0.5333782418322668,0.3,4000.0,43705.71428571429,0.3,43705.71428571429,44171.10297074999,inf,7.0,7.0,180395.0,0.0,True,-0.8571428571428572,1.0,44171.10297074999,33653.4,5.333333333333333,32990,1.125,True,False,32990.0,4,0.0,0.6,0.1,0.2,0.1,36990.0,False,False,False,ALGORITMO_ESTRATEGICO,6396.0,17.2911597729116,"⚙️ <b>Algoritmo Estratégico</b><br>Costo: $30,594 | Piso Margen: 30.0%<br>📊 <b>Pesos:</b> 🧑‍💼 Hum: 0% | 🧠 Elast: 60% | 🏢 Estrat: 10% | 📈 Macr: 20% | 📦 Stk: 10%<br>🎯 <b>Capa 8 (Elasticidad):</b> Mercado validó el precio (Retención: 112%). El experto defiende el valor comercial.<br>📦 <b>Capa 5:</b> Blindaje por Bajo Stock (Descuento suspendido para proteger margen).<br>"
905063,ACIDO URSODEOXICOLICO 250 MG DFM PHARMA X 60 CAPS (GENER),GENERICO,2026-04-01,263920,8,221783,15556,0.0701,32990,30676,32990,8,0.0,False,0.07014246741436798,32990.0,0.5333782418322668,0.3,4000.0,43822.857142857145,0.3,43822.857142857145,44656.98510342824,inf,6.0,6.0,155274.0,-2.0,True,5.0,1.15,51355.53286894247,33743.600000000006,5.333333333333333,32990,1.5,True,False,32990.0,5,0.0,0.6,0.1,0.2,0.1,37990.0,False,False,False,ALGORITMO_ESTRATEGICO,7314.0,19.25243485127665,"⚙️ <b>Algoritmo Estratégico</b><br>Costo: $30,676 | Piso Margen: 30.0%<br>📊 <b>Pesos:</b> 🧑‍💼 Hum: 0% | 🧠 Elast: 60% | 🏢 Estrat: 10% | 📈 Macr: 20% | 📦 Stk: 10%<br>🎯 <b>Capa 8 (Elasticidad):</b> Mercado validó el precio (Retención: 150%). El experto defiende el valor comercial.<br>📈 <b>Capa 5:</b> Aceleración de demanda (Captura de margen a 1.15x).<br>"
905063,ACIDO URSODEOXICOLICO 250 MG DFM PHARMA X 60 CAPS (GENER),GENERICO,2026-05-01,296910,9,249505,12961,0.0519,32990,31276,32990,9,0.0,False,0.051955137920582,32990.0,0.5333782418322668,0.3,4000.0,44680.0,0.3,44680.0,44680.0,inf,12.0,12.0,315253.0,1.0,True,0.33333333333333326,1.05,46914.0,34403.600000000006,5.333333333333333,32990,1.6875,True,False,32990.0,6,0.0,0.6,0.1,0.2,0.1,37990.0,False,False,False,ALGORITMO_ESTRATEGICO,6714.0,17.67307186101606,"⚙️ <b>Algoritmo Estratégico</b><br>Costo: $31,276 | Piso Margen: 30.0%<br>📊 <b>Pesos:</b> 🧑‍💼 Hum: 0% | 🧠 Elast: 60% | 🏢 Estrat: 10% | 📈 Macr: 20% | 📦 Stk: 10%<br>🎯 <b>Capa 8 (Elasticidad):</b> Mercado validó el precio (Retención: 169%). El experto defiende el valor comercial.<br>📈 <b>Capa 5:</b> Aceleración de demanda (Captura de margen a 1.05x).<br>"
905063,ACIDO URSODEOXICOLICO 250 MG DFM PHARMA X 60 CAPS (GENER),GENERICO,2026-06-01,230930,7,194059,12448,0.0641,32990,30874,32990,7,0.0,False,0.06414064868141861,32990.0,0.5333782418322668,0.3,4000.0,44105.71428571429,0.3,44105.71428571429,45394.88,inf,4.0,4.0,103516.0,-2.0,True,0.125,1.0,45394.88,33961.4,5.333333333333333,32990,1.3125,True,False,32990.0,7,0.0,0.6,0.1,0.2,0.1,37990.0,False,False,False,ALGORITMO_ESTRATEGICO,7116.0,18.731245064490658,"⚙️ <b>Algoritmo Estratégico</b><br>Costo: $30,874 | Piso Margen: 30.0%<br>📊 <b>Pesos:</b> 🧑‍💼 Hum: 0% | 🧠 Elast: 60% | 🏢 Estrat: 10% | 📈 Macr: 20% | 📦 Stk: 10%<br>🎯 <b>Capa 8 (Elasticidad):</b> Mercado validó el precio (Retención: 131%). El experto defiende el valor comercial.<br>"
905063,ACIDO URSODEOXICOLICO 250 MG DFM PHARMA X 60 CAPS (GENER),GENERICO,2026-07-01,164950,5,138614,9836,0.071,32990,30649,32990,5,0.0,False,0.07096089724158836,32990.0,0.5333782418322668,0.3,4000.0,43784.28571428572,0.3,43784.28571428572,45394.88,inf,6.0,6.0,153000.0,-1.0,True,-0.2222222222222222,1.0,45394.88,33713.9,5.333333333333333,32990,0.9375,True,False,32990.0,8,0.0,0.6,0.1,0.2,0.1,37990.0,False,False,False,ALGORITMO_ESTRATEGICO,7341.0,19.32350618583838,"⚙️ <b>Algoritmo Estratégico</b><br>Costo: $30,649 | Piso Margen: 30.0%<br>📊 <b>Pesos:</b> 🧑‍💼 Hum: 0% | 🧠 Elast: 60% | 🏢 Estrat: 10% | 📈 Macr: 20% | 📦 Stk: 10%<br>🎯 <b>Capa 8 (Elasticidad):</b> Mercado validó el precio (Retención: 94%). El experto defiende el valor comercial.<br>📦 <b>Capa 5:</b> Blindaje por Bajo Stock (Descuento suspendido para proteger margen).<br>"
905063,ACIDO URSODEOXICOLICO 250 MG DFM PHARMA X 60 CAPS (GENER),GENERICO,2026-08-01,263920,8,221783,15663,0.0706,32990,30660,32990,8,0.0,False,0.07062746286753561,32990.0,0.5333782418322668,0.3,4000.0,43800.0,0.3,43800.0,45394.88,inf,6.0,6.0,155274.0,-3.0,True,-0.2857142857142857,1.0,45394.88,33726.0,5.333333333333333,32990,1.5,True,False,32990.0,9,0.0,0.6,0.1,0.2,0.1,37990.0,False,False,False,ALGORITMO_ESTRATEGICO,7330.0,19.294551197683603,"⚙️ <b>Algoritmo Estratégico</b><br>Costo: $30,660 | Piso Margen: 30.0%<br>📊 <b>Pesos:</b> 🧑‍💼 Hum: 0% | 🧠 Elast: 60% | 🏢 Estrat: 10% | 📈 Macr: 20% | 📦 Stk: 10%<br>🎯 <b>Capa 8 (Elasticidad):</b> Mercado validó el precio (Retención: 150%). El experto defiende el valor comercial.<br>📦 <b>Capa 5:</b> Blindaje por Bajo Stock (Descuento suspendido para proteger margen).<br>"
904594,ACUODE 50.000 UI POLVO X 2 SOBRES (VITAMINA D3-COLECALCIFEROL),BIOEQUIVALENTE_MARCA,2023-11-01,149900,11,125970,69633,0.5528,13627,6094,13627,11,0.0,True,0.5527995890511485,13627.0,0.5527995890511485,0.18,25000.0,7431.70731707317,0.4422396712409188,13627.0,13627.0,inf,50.0,50.0,142650.0,39.0,False,0.0,1.0,13627.0,6703.400000000001,11.0,13627,1.0,True,False,13627.0,0,1.0,0.0,0.0,0.0,0.0,13627.0,False,False,False,MANDATO_HUMANO,7533.0,55.279958905114846,"🛑 <b>Capa 0: Mandato Humano</b><br>El administrador fijó el precio a $13,627.<br>Inicio de medición de elasticidad para el nuevo ciclo."
904594,ACUODE 50.000 UI POLVO X 2 SOBRES (VITAMINA D3-COLECALCIFEROL),BIOEQUIVALENTE_MARCA,2023-12-01,305796,22,256974,133299,0.5187,13900,6690,13900,22,0.02003375651280546,False,0.518705035971223,13627.0,0.5527995890511485,0.18,25000.0,8158.536585365853,0.4422396712409188,13627.0,13627.0,inf,20.0,20.0,174989.0,37.0,False,0.0,1.0,13627.0,7359.000000000001,11.0,13627,2.0,True,False,13627.0,1,0.8,0.11999999999999997,0.019999999999999997,0.039999999999999994,0.019999999999999997,13990.0,False,False,False,HIBRIDO_ORQUESTADO,7300.0,52.18012866333095,"⚖️ <b>Transición Híbrida</b><br>Costo: $6,690 | Piso Margen: 18.0%<br>📊 <b>Pesos:</b> 🧑‍💼 Hum: 80% | 🧠 Elast: 12% | 🏢 Estrat: 2% | 📈 Macr: 4% | 📦 Stk: 2%<br>🎯 <b>Capa 8 (Elasticidad):</b> Mercado validó el precio (Retención: 200%). El experto defiende el valor comercial.<br>"
904594,ACUODE 50.000 UI POLVO X 2 SOBRES (VITAMINA D3-COLECALCIFEROL),BIOEQUIVALENTE_MARCA,2024-01-01,82445,6,69282,21772,0.3143,13741,9423,13741,6,0.011438848920863309,False,0.3142420493413871,13627.0,0.5527995890511485,0.18,25000.0,11491.463414634145,0.4422396712409188,16894.35320895719,16894.35320895719,inf,10.0,10.0,98200.0,41.0,False,1.0,1.15,19428.506190300766,10365.300000000001,11.0,13627,0.5454545454545454,False,True,16894.35320895719,2,0.5,0.05,0.2,0.15,0.1,13990.0,False,False,False,HIBRIDO_ORQUESTADO,4567.0,32.64474624731951,"⚖️ <b>Transición Híbrida</b><br>Costo: $9,423 | Piso Margen: 18.0%<br>📊 <b>Pesos:</b> 🧑‍💼 Hum: 50% | 🧠 Elast: 5% | 🏢 Estrat: 20% | 📈 Macr: 15% | 📦 Stk: 10%<br>⚠️ <b>Capa 8 (Elasticidad):</b> Rechazo de mercado detectado (Retención: 55%). Se prioriza recuperar volumen.<br>📈 <b>Capa 5:</b> Aceleración de demanda (Captura de margen a 1.15x).<br>"
904594,ACUODE 50.000 UI POLVO X 2 SOBRES (VITAMINA D3-COLECALCIFEROL),BIOEQUIVALENTE_MARCA,2024-02-01,74950,6,62984,12530,0.1989,12492,10007,12492,6,0.09089585910777964,True,0.19892731348062762,12492.0,0.5527995890511485,0.18,25000.0,12203.658536585364,0.4422396712409188,17941.397915954003,17941.397915954003,inf,36.0,36.0,133530.0,71.0,False,-0.7272727272727273,0.8909090909090909,15984.154506940838,11007.7,13.0,12492,0.46153846153846156,False,True,17941.397915954003,0,1.0,0.0,0.0,0.0,0.0,12492.0,False,False,False,MANDATO_HUMANO,2485.0,19.89273134806276,"🛑 <b>Capa 0: Mandato Humano</b><br>El administrador fijó el precio a $12,492.<br>Inicio de medición de elasticidad para el nuevo ciclo."
904594,ACUODE 50.000 UI POLVO X 2 SOBRES (VITAMINA D3-COLECALCIFEROL),BIOEQUIVALENTE_MARCA,2024-03-01,215856,15,181395,102886,0.5672,14390,6228,14390,15,0.15193723983349344,True,0.5671994440583739,14390.0,0.5671994440583739,0.18,25000.0,7595.121951219511,0.4537595552466991,14390.0,14390.0,inf,0.0,,,56.0,False,0.0,1.0,14390.0,6850.8,11.333333333333334,14390,1.3235294117647058,True,False,14390.0,0,1.0,0.0,0.0,0.0,0.0,14390.0,False,False,False,MANDATO_HUMANO,8162.0,56.71994440583739,"🛑 <b>Capa 0: Mandato Humano</b><br>El administrador fijó el precio a $14,390.<br>Inicio de medición de elasticidad para el nuevo ciclo."
904594,ACUODE 50.000 UI POLVO X 2 SOBRES (VITAMINA D3-COLECALCIFEROL),BIOEQUIVALENTE_MARCA,2024-04-01,152898,11,128487,73404,0.5713,13900,5959,13900,11,0.034051424600416956,False,0.571294964028777,14390.0,0.5671994440583739,0.18,25000.0,7267.073170731706,0.4537595552466991,14390.0,14476.34,inf,0.0,,,45.0,False,1.5,1.15,16647.790999999997,6554.900000000001,11.333333333333334,14390,0.9705882352941176,True,False,14390.0,1,0.8,0.11999999999999997,0.019999999999999997,0.039999999999999994,0.019999999999999997,13990.0,False,False,False,HIBRIDO_ORQUESTADO,8031.0,57.40528949249464,"⚖️ <b>Transición Híbrida</b><br>Costo: $5,959 | Piso Margen: 18.0%<br>📊 <b>Pesos:</b> 🧑‍💼 Hum: 80% | 🧠 Elast: 12% | 🏢 Estrat: 2% | 📈 Macr: 4% | 📦 Stk: 2%<br>🎯 <b>Capa 8 (Elasticidad):</b> Mercado validó el precio (Retención: 97%). El experto defiende el valor comercial.<br>📈 <b>Capa 5:</b> Aceleración de demanda (Captura de margen a 1.15x).<br>"
904594,ACUODE 50.000 UI POLVO X 2 SOBRES (VITAMINA D3-COLECALCIFEROL),BIOEQUIVALENTE_MARCA,2024-05-01,97435,7,81879,46828,0.5719,13919,5959,13919,7,0.001366906474820144,False,0.5718801638048711,14390.0,0.5671994440583739,0.18,25000.0,7267.073170731706,0.4537595552466991,14390.0,14476.34,inf,0.0,,,38.0,False,-0.2666666666666667,0.96,13897.286399999999,6554.900000000001,11.333333333333334,14390,0.6176470588235293,False,True,14390.0,2,0.5,0.05,0.2,0.15,0.1,12990.0,False,False,False,HIBRIDO_ORQUESTADO,7031.0,54.126250962278675,"⚖️ <b>Transición Híbrida</b><br>Costo: $5,959 | Piso Margen: 18.0%<br>📊 <b>Pesos:</b> 🧑‍💼 Hum: 50% | 🧠 Elast: 5% | 🏢 Estrat: 20% | 📈 Macr: 15% | 📦 Stk: 10%<br>⚠️ <b>Capa 8 (Elasticidad):</b> Rechazo de mercado detectado (Retención: 62%). Se prioriza recuperar volumen.<br>📉 <b>Capa 5:</b> Caída de rotación (Descuento dinámico a 0.96x para activar demanda).<br>"
904594,ACUODE 50.000 UI POLVO X 2 SOBRES (VITAMINA D3-COLECALCIFEROL),BIOEQUIVALENTE_MARCA,2024-06-01,98934,7,83139,48085,0.5784,14133,5959,14133,7,0.015374667720382212,False,0.5783626972334254,14390.0,0.5671994440583739,0.18,25000.0,7267.073170731706,0.4537595552466991,14390.0,14490.81634,inf,10.0,10.0,97970.0,41.0,False,-0.36363636363636365,0.9454545454545454,13700.408175999999,6554.900000000001,11.333333333333334,14390,0.6176470588235293,False,True,14390.0,3,0.2,0.08000000000000002,0.32000000000000006,0.24,0.16000000000000003,11990.0,False,False,False,HIBRIDO_ORQUESTADO,6031.0,50.300250208507094,"⚖️ <b>Transición Híbrida</b><br>Costo: $5,959 | Piso Margen: 18.0%<br>📊 <b>Pesos:</b> 🧑‍💼 Hum: 20% | 🧠 Elast: 8% | 🏢 Estrat: 32% | 📈 Macr: 24% | 📦 Stk: 16%<br>⚠️ <b>Capa 8 (Elasticidad):</b> Rechazo de mercado detectado (Retención: 62%). Se prioriza recuperar volumen.<br>📉 <b>Capa 5:</b> Caída de rotación (Descuento dinámico a 0.95x para activar demanda).<br>"
904594,ACUODE 50.000 UI POLVO X 2 SOBRES (VITAMINA D3-COLECALCIFEROL),BIOEQUIVALENTE_MARCA,2024-07-01,121419,9,102035,33014,0.3236,13491,9126,13491,9,0.04542559966036935,True,0.32354903268845897,13491.0,0.5671994440583739,0.18,25000.0,11129.268292682926,0.4537595552466991,16706.9284005903,16706.9284005903,inf,0.0,,,32.0,False,0.0,1.0,16706.9284005903,10038.6,8.333333333333334,13491,1.0799999999999998,True,False,13491.0,0,1.0,0.0,0.0,0.0,0.0,13491.0,False,False,False,MANDATO_HUMANO,4365.0,32.354903268845895,"🛑 <b>Capa 0: Mandato Humano</b><br>El administrador fijó el precio a $13,491.<br>Inicio de medición de elasticidad para el nuevo ciclo."
904594,ACUODE 50.000 UI POLVO X 2 SOBRES (VITAMINA D3-COLECALCIFEROL),BIOEQUIVALENTE_MARCA,2024-08-01,119920,8,100776,39430,0.3913,14990,9125,14990,8,0.1111111111111111,True,0.3912608405603736,14990.0,0.5671994440583739,0.18,25000.0,11128.048780487805,0.4537595552466991,16705.0977049514,16705.0977049514,inf,20.0,20.0,195932.0,44.0,False,0.2857142857142858,1.042857142857143,17421.030463735035,10037.5,7.666666666666667,14990,1.0434782608695652,True,False,14990.0,0,1.0,0.0,0.0,0.0,0.0,14990.0,False,False,False,MANDATO_HUMANO,5865.0,39.12608405603736,"🛑 <b>Capa 0: Mandato Humano</b><br>El administrador fijó el precio a $14,990.<br>Inicio de medición de elasticidad para el nuevo ciclo."
904594,ACUODE 50.000 UI POLVO X 2 SOBRES (VITAMINA D3-COLECALCIFEROL),BIOEQUIVALENTE_MARCA,2024-09-01,104930,7,88178,20312,0.2304,14990,11537,14990,7,0.0,False,0.2303535690460307,14990.0,0.5671994440583739,0.18,25000.0,14069.51219512195,0.4537595552466991,21120.735585975268,21120.735585975268,inf,5.0,5.0,50910.0,42.0,False,-0.11111111111111116,1.0,21120.735585975268,12690.7,7.666666666666667,14990,0.9130434782608695,True,False,14990.0,1,0.8,0.11999999999999997,0.019999999999999997,0.039999999999999994,0.019999999999999997,14990.0,False,False,False,HIBRIDO_ORQUESTADO,3453.0,23.03535690460307,"⚖️ <b>Transición Híbrida</b><br>Costo: $11,537 | Piso Margen: 18.0%<br>📊 <b>Pesos:</b> 🧑‍💼 Hum: 80% | 🧠 Elast: 12% | 🏢 Estrat: 2% | 📈 Macr: 4% | 📦 Stk: 2%<br>🎯 <b>Capa 8 (Elasticidad):</b> Mercado validó el precio (Retención: 91%). El experto defiende el valor comercial.<br>"
904594,ACUODE 50.000 UI POLVO X 2 SOBRES (VITAMINA D3-COLECALCIFEROL),BIOEQUIVALENTE_MARCA,2024-10-01,149900,10,125967,27766,0.2204,14990,11686,14990,10,0.0,False,0.22041360907271515,14990.0,0.5671994440583739,0.18,25000.0,14251.21951219512,0.4537595552466991,21393.509236171187,21393.509236171187,inf,15.0,15.0,152730.0,47.0,False,-0.125,1.0,21393.509236171187,12854.6,7.666666666666667,14990,1.3043478260869565,True,False,14990.0,2,0.5,0.3,0.05,0.1,0.05,15990.0,False,False,True,HIBRIDO_ORQUESTADO,4304.0,26.91682301438399,"⚖️ <b>Transición Híbrida</b><br>Costo: $11,686 | Piso Margen: 18.0%<br>📊 <b>Pesos:</b> 🧑‍💼 Hum: 50% | 🧠 Elast: 30% | 🏢 Estrat: 5% | 📈 Macr: 10% | 📦 Stk: 5%<br>🎯 <b>Capa 8 (Elasticidad):</b> Mercado validó el precio (Retención: 130%). El experto defiende el valor comercial.<br>🚥 <b>Capa 7:</b> Amortiguador Activo. Alza capada al 5% para proteger al cliente.<br>"
904594,ACUODE 50.000 UI POLVO X 2 SOBRES (VITAMINA D3-COLECALCIFEROL),BIOEQUIVALENTE_MARCA,2024-11-01,149900,10,125967,25477,0.2023,14990,11958,14990,10,0.0,False,0.20226817878585723,14990.0,0.5671994440583739,0.18,25000.0,14582.926829268292,0.4537595552466991,21891.458449951657,21891.458449951657,inf,0.0,,,37.0,False,0.4285714285714286,1.0642857142857143,23298.766493162835,13153.800000000001,7.666666666666667,14990,1.3043478260869565,True,False,14990.0,3,0.2,0.48,0.08000000000000002,0.16000000000000003,0.08000000000000002,16990.0,False,False,False,HIBRIDO_ORQUESTADO,5032.0,29.61742201294879,"⚖️ <b>Transición Híbrida</b><br>Costo: $11,958 | Piso Margen: 18.0%<br>📊 <b>Pesos:</b> 🧑‍💼 Hum: 20% | 🧠 Elast: 48% | 🏢 Estrat: 8% | 📈 Macr: 16% | 📦 Stk: 8%<br>🎯 <b>Capa 8 (Elasticidad):</b> Mercado validó el precio (Retención: 130%). El experto defiende el valor comercial.<br>📈 <b>Capa 5:</b> Aceleración de demanda (Captura de margen a 1.06x).<br>"
904594,ACUODE 50.000 UI POLVO X 2 SOBRES (VITAMINA D3-COLECALCIFEROL),BIOEQUIVALENTE_MARCA,2024-12-01,134910,9,113371,22108,0.195,14990,12067,14990,9,0.0,False,0.194996664442962,14990.0,0.5671994440583739,0.18,25000.0,14715.853658536584,0.4537595552466991,22091.00427459162,22091.00427459162,inf,13.0,13.0,133718.0,41.0,False,0.0,1.0,22091.00427459162,13273.7,7.666666666666667,14990,1.1739130434782608,True,False,14990.0,4,0.0,0.6,0.1,0.2,0.1,16990.0,False,False,False,ALGORITMO_ESTRATEGICO,4923.0,28.975868157739846,"⚙️ <b>Algoritmo Estratégico</b><br>Costo: $12,067 | Piso Margen: 18.0%<br>📊 <b>Pesos:</b> 🧑‍💼 Hum: 0% | 🧠 Elast: 60% | 🏢 Estrat: 10% | 📈 Macr: 20% | 📦 Stk: 10%<br>🎯 <b>Capa 8 (Elasticidad):</b> Mercado validó el precio (Retención: 117%). El experto defiende el valor comercial.<br>"
904594,ACUODE 50.000 UI POLVO X 2 SOBRES (VITAMINA D3-COLECALCIFEROL),BIOEQUIVALENTE_MARCA,2025-01-01,119920,8,100775,19347,0.192,14990,12112,14990,8,0.0,False,0.19199466310873917,14990.0,0.5671994440583739,0.18,25000.0,14770.731707317073,0.4537595552466991,22173.38557834207,22510.73335580886,inf,5.0,5.0,51430.0,38.0,False,-0.09999999999999998,1.0,22510.73335580886,13323.2,7.666666666666667,14990,1.0434782608695652,True,False,14990.0,5,0.0,0.6,0.1,0.2,0.1,16990.0,False,False,False,ALGORITMO_ESTRATEGICO,4878.0,28.711006474396704,"⚙️ <b>Algoritmo Estratégico</b><br>Costo: $12,112 | Piso Margen: 18.0%<br>📊 <b>Pesos:</b> 🧑‍💼 Hum: 0% | 🧠 Elast: 60% | 🏢 Estrat: 10% | 📈 Macr: 20% | 📦 Stk: 10%<br>🎯 <b>Capa 8 (Elasticidad):</b> Mercado validó el precio (Retención: 104%). El experto defiende el valor comercial.<br>"
904594,ACUODE 50.000 UI POLVO X 2 SOBRES (VITAMINA D3-COLECALCIFEROL),BIOEQUIVALENTE_MARCA,2025-02-01,194870,13,163758,31543,0.1926,14990,12103,14990,13,0.0,False,0.1925950633755837,14990.0,0.5671994440583739,0.18,25000.0,14759.756097560974,0.4537595552466991,22156.90931759198,22578.265555876285,inf,5.0,5.0,89910.0,30.0,False,-0.11111111111111116,1.0,22578.265555876285,13313.300000000001,7.666666666666667,14990,1.6956521739130435,True,False,14990.0,6,0.0,0.6,0.1,0.2,0.1,16990.0,False,False,False,ALGORITMO_ESTRATEGICO,4887.0,28.763978811065332,"⚙️ <b>Algoritmo Estratégico</b><br>Costo: $12,103 | Piso Margen: 18.0%<br>📊 <b>Pesos:</b> 🧑‍💼 Hum: 0% | 🧠 Elast: 60% | 🏢 Estrat: 10% | 📈 Macr: 20% | 📦 Stk: 10%<br>🎯 <b>Capa 8 (Elasticidad):</b> Mercado validó el precio (Retención: 170%). El experto defiende el valor comercial.<br>"
904594,ACUODE 50.000 UI POLVO X 2 SOBRES (VITAMINA D3-COLECALCIFEROL),BIOEQUIVALENTE_MARCA,2025-03-01,89940,6,75581,14831,0.1962,14990,12049,14990,6,0.0,False,0.1961974649766511,14990.0,0.5671994440583739,0.18,25000.0,14693.902439024389,0.4537595552466991,22058.051753091444,22600.843821432158,inf,16.0,16.0,167048.0,40.0,False,0.625,1.09375,24719.672929691424,13253.900000000001,7.666666666666667,14990,0.7826086956521738,True,False,14990.0,7,0.0,0.6,0.1,0.2,0.1,16990.0,False,False,False,ALGORITMO_ESTRATEGICO,4941.0,29.0818128310771,"⚙️ <b>Algoritmo Estratégico</b><br>Costo: $12,049 | Piso Margen: 18.0%<br>📊 <b>Pesos:</b> 🧑‍💼 Hum: 0% | 🧠 Elast: 60% | 🏢 Estrat: 10% | 📈 Macr: 20% | 📦 Stk: 10%<br>🎯 <b>Capa 8 (Elasticidad):</b> Mercado validó el precio (Retención: 78%). El experto defiende el valor comercial.<br>📈 <b>Capa 5:</b> Aceleración de demanda (Captura de margen a 1.09x).<br>"
904594,ACUODE 50.000 UI POLVO X 2 SOBRES (VITAMINA D3-COLECALCIFEROL),BIOEQUIVALENTE_MARCA,2025-04-01,104930,7,88177,15167,0.172,14990,12412,14990,7,0.0,False,0.17198132088058707,14990.0,0.5671994440583739,0.18,25000.0,15136.585365853658,0.4537595552466991,22722.594270011705,22722.594270011705,inf,0.0,,,33.0,False,-0.5384615384615384,0.9192307692307693,20887.30780974153,13653.2,7.666666666666667,14990,0.9130434782608695,True,False,14990.0,8,0.0,0.6,0.1,0.2,0.1,16990.0,False,False,False,ALGORITMO_ESTRATEGICO,4578.0,26.94526191877575,"⚙️ <b>Algoritmo Estratégico</b><br>Costo: $12,412 | Piso Margen: 18.0%<br>📊 <b>Pesos:</b> 🧑‍💼 Hum: 0% | 🧠 Elast: 60% | 🏢 Estrat: 10% | 📈 Macr: 20% | 📦 Stk: 10%<br>🎯 <b>Capa 8 (Elasticidad):</b> Mercado validó el precio (Retención: 91%). El experto defiende el valor comercial.<br>📉 <b>Capa 5:</b> Caída de rotación (Descuento dinámico a 0.92x para activar demanda).<br>"
904594,ACUODE 50.000 UI POLVO X 2 SOBRES (VITAMINA D3-COLECALCIFEROL),BIOEQUIVALENTE_MARCA,2025-05-01,74950,5,62985,10260,0.1629,14990,12548,14990,5,0.0,False,0.1629086057371581,14990.0,0.5671994440583739,0.18,25000.0,15302.439024390244,0.4537595552466991,22971.56887690194,22971.56887690194,inf,10.0,10.0,108020.0,38.0,False,0.16666666666666674,1.0,22971.56887690194,13802.800000000001,7.666666666666667,14990,0.6521739130434783,False,True,22971.56887690194,9,0.0,0.1,0.4,0.3,0.2,17990.0,False,False,True,ALGORITMO_ESTRATEGICO,5442.0,30.250138966092273,"⚙️ <b>Algoritmo Estratégico</b><br>Costo: $12,548 | Piso Margen: 18.0%<br>📊 <b>Pesos:</b> 🧑‍💼 Hum: 0% | 🧠 Elast: 10% | 🏢 Estrat: 40% | 📈 Macr: 30% | 📦 Stk: 20%<br>⚠️ <b>Capa 8 (Elasticidad):</b> Rechazo de mercado detectado (Retención: 65%). Se prioriza recuperar volumen.<br>🚥 <b>Capa 7:</b> Amortiguador Activo. Alza capada al 5% para proteger al cliente.<br>"
904594,ACUODE 50.000 UI POLVO X 2 SOBRES (VITAMINA D3-COLECALCIFEROL),BIOEQUIVALENTE_MARCA,2025-06-01,74950,5,62984,9830,0.1561,14990,12650,14990,5,0.0,False,0.1561040693795864,14990.0,0.5671994440583739,0.18,25000.0,15426.829268292682,0.4537595552466991,23158.299832069613,23247.227703424764,inf,8.0,8.0,90936.0,41.0,False,-0.2857142857142857,0.9571428571428572,22250.91794470656,13915.000000000002,7.666666666666667,14990,0.6521739130434783,False,True,23158.299832069613,10,0.0,0.1,0.4,0.3,0.2,18990.0,False,False,True,ALGORITMO_ESTRATEGICO,6340.0,33.38599262769879,"⚙️ <b>Algoritmo Estratégico</b><br>Costo: $12,650 | Piso Margen: 18.0%<br>📊 <b>Pesos:</b> 🧑‍💼 Hum: 0% | 🧠 Elast: 10% | 🏢 Estrat: 40% | 📈 Macr: 30% | 📦 Stk: 20%<br>⚠️ <b>Capa 8 (Elasticidad):</b> Rechazo de mercado detectado (Retención: 65%). Se prioriza recuperar volumen.<br>📉 <b>Capa 5:</b> Caída de rotación (Descuento dinámico a 0.96x para activar demanda).<br>🚥 <b>Capa 7:</b> Amortiguador Activo. Alza capada al 5% para proteger al cliente.<br>"
904594,ACUODE 50.000 UI POLVO X 2 SOBRES (VITAMINA D3-COLECALCIFEROL),BIOEQUIVALENTE_MARCA,2025-07-01,179880,12,151161,19910,0.1317,14990,13016,14990,12,0.0,False,0.13168779186124083,14990.0,0.5671994440583739,0.18,25000.0,15873.170731707316,0.4537595552466991,23828.33443590657,23828.33443590657,inf,5.0,5.0,54009.0,34.0,False,0.0,1.0,23828.33443590657,14317.6,7.666666666666667,14990,1.5652173913043477,True,False,14990.0,11,0.0,0.6,0.1,0.2,0.1,17990.0,False,False,False,ALGORITMO_ESTRATEGICO,4974.0,27.64869371873263,"⚙️ <b>Algoritmo Estratégico</b><br>Costo: $13,016 | Piso Margen: 18.0%<br>📊 <b>Pesos:</b> 🧑‍💼 Hum: 0% | 🧠 Elast: 60% | 🏢 Estrat: 10% | 📈 Macr: 20% | 📦 Stk: 10%<br>🎯 <b>Capa 8 (Elasticidad):</b> Mercado validó el precio (Retención: 157%). El experto defiende el valor comercial.<br>"
904594,ACUODE 50.000 UI POLVO X 2 SOBRES (VITAMINA D3-COLECALCIFEROL),BIOEQUIVALENTE_MARCA,2025-08-01,179880,12,151160,18724,0.1239,14990,13133,14990,12,0.0,False,0.1238825883922615,14990.0,0.5671994440583739,0.18,25000.0,16015.853658536584,0.4537595552466991,24042.525825657725,24042.525825657725,inf,15.0,15.0,168510.0,37.0,False,1.4,1.15,27648.904699506384,14446.300000000001,7.666666666666667,14990,1.5652173913043477,True,False,14990.0,12,0.0,0.6,0.1,0.2,0.1,17990.0,False,False,False,ALGORITMO_ESTRATEGICO,4857.0,26.998332406892718,"⚙️ <b>Algoritmo Estratégico</b><br>Costo: $13,133 | Piso Margen: 18.0%<br>📊 <b>Pesos:</b> 🧑‍💼 Hum: 0% | 🧠 Elast: 60% | 🏢 Estrat: 10% | 📈 Macr: 20% | 📦 Stk: 10%<br>🎯 <b>Capa 8 (Elasticidad):</b> Mercado validó el precio (Retención: 157%). El experto defiende el valor comercial.<br>📈 <b>Capa 5:</b> Aceleración de demanda (Captura de margen a 1.15x).<br>"
904594,ACUODE 50.000 UI POLVO X 2 SOBRES (VITAMINA D3-COLECALCIFEROL),BIOEQUIVALENTE_MARCA,2025-09-01,134910,9,113371,13057,0.1152,14990,13264,14990,9,0.0,False,0.11514342895263509,14990.0,0.5671994440583739,0.18,25000.0,16175.60975609756,0.4537595552466991,24282.346954353467,24282.346954353467,inf,0.0,0.0,134808.0,28.0,False,0.0,1.0,24282.346954353467,14590.400000000001,7.666666666666667,14990,1.1739130434782608,True,False,14990.0,13,0.0,0.6,0.1,0.2,0.1,17990.0,False,False,False,ALGORITMO_ESTRATEGICO,4726.0,26.270150083379658,"⚙️ <b>Algoritmo Estratégico</b><br>Costo: $13,264 | Piso Margen: 18.0%<br>📊 <b>Pesos:</b> 🧑‍💼 Hum: 0% | 🧠 Elast: 60% | 🏢 Estrat: 10% | 📈 Macr: 20% | 📦 Stk: 10%<br>🎯 <b>Capa 8 (Elasticidad):</b> Mercado validó el precio (Retención: 117%). El experto defiende el valor comercial.<br>"
904594,ACUODE 50.000 UI POLVO X 2 SOBRES (VITAMINA D3-COLECALCIFEROL),BIOEQUIVALENTE_MARCA,2025-10-01,29980,2,25194,2890,0.1147,14990,13270,14990,2,0.0,False,0.11474316210807205,14990.0,0.5671994440583739,0.18,25000.0,16182.926829268292,0.4537595552466991,24293.33112818686,24293.33112818686,inf,0.0,0.0,168510.0,26.0,False,-0.25,1.0,24293.33112818686,14597.000000000002,7.666666666666667,14990,0.2608695652173913,False,True,24293.33112818686,14,0.0,0.1,0.4,0.3,0.2,18990.0,False,False,True,ALGORITMO_ESTRATEGICO,5720.0,30.121116377040547,"⚙️ <b>Algoritmo Estratégico</b><br>Costo: $13,270 | Piso Margen: 18.0%<br>📊 <b>Pesos:</b> 🧑‍💼 Hum: 0% | 🧠 Elast: 10% | 🏢 Estrat: 40% | 📈 Macr: 30% | 📦 Stk: 20%<br>⚠️ <b>Capa 8 (Elasticidad):</b> Rechazo de mercado detectado (Retención: 26%). Se prioriza recuperar volumen.<br>🚥 <b>Capa 7:</b> Amortiguador Activo. Alza capada al 5% para proteger al cliente.<br>"
904594,ACUODE 50.000 UI POLVO X 2 SOBRES (VITAMINA D3-COLECALCIFEROL),BIOEQUIVALENTE_MARCA,2025-11-01,44970,3,37790,3300,0.0873,14990,13681,14990,3,0.0,False,0.08732488325550367,14990.0,0.5671994440583739,0.18,25000.0,16684.146341463413,0.4537595552466991,25045.74703577426,25045.74703577426,inf,18.0,18.0,208800.0,41.0,False,-0.7777777777777778,1.0,25045.74703577426,15049.1,7.666666666666667,14990,0.3913043478260869,False,True,25045.74703577426,15,0.0,0.1,0.4,0.3,0.2,19990.0,False,False,True,ALGORITMO_ESTRATEGICO,6309.0,31.5607803901951,"⚙️ <b>Algoritmo Estratégico</b><br>Costo: $13,681 | Piso Margen: 18.0%<br>📊 <b>Pesos:</b> 🧑‍💼 Hum: 0% | 🧠 Elast: 10% | 🏢 Estrat: 40% | 📈 Macr: 30% | 📦 Stk: 20%<br>⚠️ <b>Capa 8 (Elasticidad):</b> Rechazo de mercado detectado (Retención: 39%). Se prioriza recuperar volumen.<br>🚥 <b>Capa 7:</b> Amortiguador Activo. Alza capada al 5% para proteger al cliente.<br>"
904594,ACUODE 50.000 UI POLVO X 2 SOBRES (VITAMINA D3-COLECALCIFEROL),BIOEQUIVALENTE_MARCA,2025-12-01,104930,7,88178,7378,0.0837,14990,13736,14990,7,0.0,False,0.08365577051367579,14990.0,0.5671994440583739,0.18,25000.0,16751.21951219512,0.4537595552466991,25146.435295913692,25146.435295913692,inf,7.0,7.0,94600.0,41.0,False,0.5,1.0,25146.435295913692,15109.6,7.666666666666667,14990,0.9130434782608695,True,False,14990.0,16,0.0,0.6,0.1,0.2,0.1,17990.0,False,False,False,ALGORITMO_ESTRATEGICO,4254.0,23.64647026125625,"⚙️ <b>Algoritmo Estratégico</b><br>Costo: $13,736 | Piso Margen: 18.0%<br>📊 <b>Pesos:</b> 🧑‍💼 Hum: 0% | 🧠 Elast: 60% | 🏢 Estrat: 10% | 📈 Macr: 20% | 📦 Stk: 10%<br>🎯 <b>Capa 8 (Elasticidad):</b> Mercado validó el precio (Retención: 91%). El experto defiende el valor comercial.<br>"
904594,ACUODE 50.000 UI POLVO X 2 SOBRES (VITAMINA D3-COLECALCIFEROL),BIOEQUIVALENTE_MARCA,2026-01-01,63960,4,53748,7140,0.1328,15990,13866,15990,4,0.066711140760507,True,0.13283302063789867,15990.0,0.5671994440583739,0.18,25000.0,16909.756097560974,0.4537595552466991,25384.425728970535,25473.33895476057,inf,0.0,,,37.0,False,1.3333333333333335,1.0,25473.33895476057,15252.6,4.0,15990,1.0,True,False,15990.0,0,1.0,0.0,0.0,0.0,0.0,15990.0,False,False,False,MANDATO_HUMANO,2124.0,13.283302063789867,"🛑 <b>Capa 0: Mandato Humano</b><br>El administrador fijó el precio a $15,990.<br>Inicio de medición de elasticidad para el nuevo ciclo."
904594,ACUODE 50.000 UI POLVO X 2 SOBRES (VITAMINA D3-COLECALCIFEROL),BIOEQUIVALENTE_MARCA,2026-02-01,15990,1,13437,1785,0.1328,15990,13866,15990,1,0.0,False,0.13283302063789867,15990.0,0.5671994440583739,0.18,25000.0,16909.756097560974,0.4537595552466991,25384.425728970535,25384.425728970535,inf,0.0,,,36.0,False,-0.4285714285714286,1.0,25384.425728970535,15252.6,4.0,15990,0.25,False,True,25384.425728970535,1,0.8,0.019999999999999997,0.07999999999999999,0.059999999999999984,0.039999999999999994,16990.0,False,False,True,HIBRIDO_ORQUESTADO,3124.0,18.38728663919953,"⚖️ <b>Transición Híbrida</b><br>Costo: $13,866 | Piso Margen: 18.0%<br>📊 <b>Pesos:</b> 🧑‍💼 Hum: 80% | 🧠 Elast: 2% | 🏢 Estrat: 8% | 📈 Macr: 6% | 📦 Stk: 4%<br>⚠️ <b>Capa 8 (Elasticidad):</b> Rechazo de mercado detectado (Retención: 25%). Se prioriza recuperar volumen.<br>🚥 <b>Capa 7:</b> Amortiguador Activo. Alza capada al 5% para proteger al cliente.<br>"
904594,ACUODE 50.000 UI POLVO X 2 SOBRES (VITAMINA D3-COLECALCIFEROL),BIOEQUIVALENTE_MARCA,2026-03-01,15990,1,13437,1785,0.1328,15990,13866,15990,1,0.0,False,0.13283302063789867,15990.0,0.5671994440583739,0.18,25000.0,16909.756097560974,0.4537595552466991,25384.425728970535,25384.425728970535,inf,0.0,,,35.0,False,-0.75,1.0,25384.425728970535,15252.6,4.0,15990,0.25,False,True,25384.425728970535,2,0.5,0.05,0.2,0.15,0.1,17990.0,False,False,True,HIBRIDO_ORQUESTADO,4124.0,22.92384658143413,"⚖️ <b>Transición Híbrida</b><br>Costo: $13,866 | Piso Margen: 18.0%<br>📊 <b>Pesos:</b> 🧑‍💼 Hum: 50% | 🧠 Elast: 5% | 🏢 Estrat: 20% | 📈 Macr: 15% | 📦 Stk: 10%<br>⚠️ <b>Capa 8 (Elasticidad):</b> Rechazo de mercado detectado (Retención: 25%). Se prioriza recuperar volumen.<br>🚥 <b>Capa 7:</b> Amortiguador Activo. Alza capada al 5% para proteger al cliente.<br>"
904594,ACUODE 50.000 UI POLVO X 2 SOBRES (VITAMINA D3-COLECALCIFEROL),BIOEQUIVALENTE_MARCA,2026-04-01,97940,6,82303,12414,0.1508,16323,13861,16323,6,0.020825515947467167,False,0.15083011701280402,15990.0,0.5671994440583739,0.18,25000.0,16903.658536585364,0.4537595552466991,25375.27225077604,25663.65441198921,inf,9.0,9.0,104475.0,38.0,False,0.0,1.0,25663.65441198921,15247.1,4.0,15990,1.5,True,False,15990.0,3,0.2,0.48,0.08000000000000002,0.16000000000000003,0.08000000000000002,17990.0,False,False,False,HIBRIDO_ORQUESTADO,4129.0,22.951639799888827,"⚖️ <b>Transición Híbrida</b><br>Costo: $13,861 | Piso Margen: 18.0%<br>📊 <b>Pesos:</b> 🧑‍💼 Hum: 20% | 🧠 Elast: 48% | 🏢 Estrat: 8% | 📈 Macr: 16% | 📦 Stk: 8%<br>🎯 <b>Capa 8 (Elasticidad):</b> Mercado validó el precio (Retención: 150%). El experto defiende el valor comercial.<br>"
904594,ACUODE 50.000 UI POLVO X 2 SOBRES (VITAMINA D3-COLECALCIFEROL),BIOEQUIVALENTE_MARCA,2026-05-01,71960,4,60470,13961,0.2309,17990,13837,17990,4,0.10212583471175642,True,0.23085047248471374,17990.0,0.5671994440583739,0.18,25000.0,16874.39024390244,0.4537595552466991,25331.33555544247,25612.32710316523,inf,0.0,,,34.0,False,5.0,1.0,25612.32710316523,15220.7,2.6666666666666665,17990,1.5,True,False,17990.0,0,1.0,0.0,0.0,0.0,0.0,17990.0,False,False,False,MANDATO_HUMANO,4153.0,23.085047248471373,"🛑 <b>Capa 0: Mandato Humano</b><br>El administrador fijó el precio a $17,990.<br>Inicio de medición de elasticidad para el nuevo ciclo."
904594,ACUODE 50.000 UI POLVO X 2 SOBRES (VITAMINA D3-COLECALCIFEROL),BIOEQUIVALENTE_MARCA,2026-07-01,17990,1,15118,3490,0.2309,17990,13837,17990,1,0.0,False,0.23085047248471374,17990.0,0.5671994440583739,0.18,25000.0,16874.39024390244,0.4537595552466991,25331.33555544247,25331.33555544247,inf,0.0,,,33.0,False,-0.33333333333333337,1.0,25331.33555544247,15220.7,2.6666666666666665,17990,0.375,False,True,25331.33555544247,1,0.8,0.019999999999999997,0.07999999999999999,0.059999999999999984,0.039999999999999994,18990.0,False,False,False,HIBRIDO_ORQUESTADO,5153.0,27.135334386519222,"⚖️ <b>Transición Híbrida</b><br>Costo: $13,837 | Piso Margen: 18.0%<br>📊 <b>Pesos:</b> 🧑‍💼 Hum: 80% | 🧠 Elast: 2% | 🏢 Estrat: 8% | 📈 Macr: 6% | 📦 Stk: 4%<br>⚠️ <b>Capa 8 (Elasticidad):</b> Rechazo de mercado detectado (Retención: 38%). Se prioriza recuperar volumen.<br>"
904149,BIOFLORA 250 MG PEDIATRICO X 10 SOBRES (SACCHAROMYCES BOULARDII),NICHO,2023-11-01,398701,50,335031,262723,0.7842,7974,1721,7974,50,0.0,True,0.7841735640832707,7974.0,0.7841735640832707,0.4,10000.0,2868.3333333333335,0.6,7974.0,7974.0,inf,0.0,,,-50.0,True,0.0,1.0,7974.0,1893.1000000000001,50.0,7974,1.0,True,False,7974.0,0,1.0,0.0,0.0,0.0,0.0,7974.0,False,False,False,MANDATO_HUMANO,6253.0,78.41735640832707,"🛑 <b>Capa 0: Mandato Humano</b><br>El administrador fijó el precio a $7,974.<br>Inicio de medición de elasticidad para el nuevo ciclo."
904149,BIOFLORA 250 MG PEDIATRICO X 10 SOBRES (SACCHAROMYCES BOULARDII),NICHO,2023-12-01,357952,45,300789,235539,0.7831,7954,1726,7954,45,0.002508151492350138,False,0.7830022630123209,7974.0,0.7841735640832707,0.4,10000.0,2876.666666666667,0.6,7974.0,7974.0,inf,0.0,,,-95.0,True,0.0,1.0,7974.0,1898.6000000000001,50.0,7974,0.9,True,False,7974.0,1,0.8,0.11999999999999997,0.019999999999999997,0.039999999999999994,0.019999999999999997,7990.0,False,False,False,HIBRIDO_ORQUESTADO,6264.0,78.39799749687108,"⚖️ <b>Transición Híbrida</b><br>Costo: $1,726 | Piso Margen: 40.0%<br>📊 <b>Pesos:</b> 🧑‍💼 Hum: 80% | 🧠 Elast: 12% | 🏢 Estrat: 2% | 📈 Macr: 4% | 📦 Stk: 2%<br>🎯 <b>Capa 8 (Elasticidad):</b> Mercado validó el precio (Retención: 90%). El experto defiende el valor comercial.<br>"
904149,BIOFLORA 250 MG PEDIATRICO X 10 SOBRES (SACCHAROMYCES BOULARDII),NICHO,2024-01-01,143820,18,120852,96096,0.7952,7990,1637,7990,18,0.004526024641689716,False,0.7951188986232791,7974.0,0.7841735640832707,0.4,10000.0,2728.3333333333335,0.6,7974.0,7974.0,inf,120.0,120.0,140760.0,7.0,True,-0.09999999999999998,1.0,7974.0,1800.7,50.0,7974,0.36,False,True,7974.0,2,0.5,0.05,0.2,0.15,0.1,6990.0,False,False,False,HIBRIDO_ORQUESTADO,5353.0,76.58082975679542,"⚖️ <b>Transición Híbrida</b><br>Costo: $1,637 | Piso Margen: 40.0%<br>📊 <b>Pesos:</b> 🧑‍💼 Hum: 50% | 🧠 Elast: 5% | 🏢 Estrat: 20% | 📈 Macr: 15% | 📦 Stk: 10%<br>⚠️ <b>Capa 8 (Elasticidad):</b> Rechazo de mercado detectado (Retención: 36%). Se prioriza recuperar volumen.<br>📦 <b>Capa 5:</b> Blindaje por Bajo Stock (Descuento suspendido para proteger margen).<br>"
904149,BIOFLORA 250 MG PEDIATRICO X 10 SOBRES (SACCHAROMYCES BOULARDII),NICHO,2024-02-01,167790,21,140994,114576,0.8126,7990,1497,7990,21,0.0,False,0.8126408010012516,7974.0,0.7841735640832707,0.4,10000.0,2495.0,0.6,7974.0,8013.869999999999,inf,0.0,,,-14.0,True,-0.6,1.0,8013.869999999999,1646.7,50.0,7974,0.42,False,True,7974.0,3,0.2,0.08000000000000002,0.32000000000000006,0.24,0.16000000000000003,5990.0,False,False,False,HIBRIDO_ORQUESTADO,4493.0,75.00834724540901,"⚖️ <b>Transición Híbrida</b><br>Costo: $1,497 | Piso Margen: 40.0%<br>📊 <b>Pesos:</b> 🧑‍💼 Hum: 20% | 🧠 Elast: 8% | 🏢 Estrat: 32% | 📈 Macr: 24% | 📦 Stk: 16%<br>⚠️ <b>Capa 8 (Elasticidad):</b> Rechazo de mercado detectado (Retención: 42%). Se prioriza recuperar volumen.<br>📦 <b>Capa 5:</b> Blindaje por Bajo Stock (Descuento suspendido para proteger margen).<br>"
904149,BIOFLORA 250 MG PEDIATRICO X 10 SOBRES (SACCHAROMYCES BOULARDII),NICHO,2024-03-01,237303,30,199406,161666,0.8107,7910,1497,7910,30,0.010012515644555695,False,0.8107458912768647,7974.0,0.7841735640832707,0.4,10000.0,2495.0,0.6,7974.0,8174.147399999999,inf,0.0,,,-44.0,True,0.16666666666666674,1.025,8378.501084999998,1646.7,50.0,7974,0.6,False,True,7974.0,4,0.0,0.1,0.4,0.3,0.2,5990.0,False,False,False,ALGORITMO_ESTRATEGICO,4493.0,75.00834724540901,"⚙️ <b>Algoritmo Estratégico</b><br>Costo: $1,497 | Piso Margen: 40.0%<br>📊 <b>Pesos:</b> 🧑‍💼 Hum: 0% | 🧠 Elast: 10% | 🏢 Estrat: 40% | 📈 Macr: 30% | 📦 Stk: 20%<br>⚠️ <b>Capa 8 (Elasticidad):</b> Rechazo de mercado detectado (Retención: 60%). Se prioriza recuperar volumen.<br>📈 <b>Capa 5:</b> Aceleración de demanda (Captura de margen a 1.02x).<br>"
904149,BIOFLORA 250 MG PEDIATRICO X 10 SOBRES (SACCHAROMYCES BOULARDII),NICHO,2024-04-01,473008,60,397474,321994,0.8101,7883,1497,7883,60,0.003413400758533502,False,0.8100976785487759,7974.0,0.7841735640832707,0.4,10000.0,2495.0,0.6,7974.0,8223.192284399998,inf,50.0,50.0,190350.0,-54.0,True,0.4285714285714286,1.0642857142857143,8751.826074111426,1646.7,50.0,7974,1.2,True,False,7974.0,5,0.0,0.6,0.1,0.2,0.1,5990.0,False,False,True,ALGORITMO_ESTRATEGICO,4493.0,75.00834724540901,"⚙️ <b>Algoritmo Estratégico</b><br>Costo: $1,497 | Piso Margen: 40.0%<br>📊 <b>Pesos:</b> 🧑‍💼 Hum: 0% | 🧠 Elast: 60% | 🏢 Estrat: 10% | 📈 Macr: 20% | 📦 Stk: 10%<br>🎯 <b>Capa 8 (Elasticidad):</b> Mercado validó el precio (Retención: 120%). El experto defiende el valor comercial.<br>📈 <b>Capa 5:</b> Aceleración de demanda (Captura de margen a 1.06x).<br>🚥 <b>Capa 7:</b> Amortiguador Activo. Alza capada al 5% para proteger al cliente.<br>"
904149,BIOFLORA 250 MG PEDIATRICO X 10 SOBRES (SACCHAROMYCES BOULARDII),NICHO,2024-05-01,456764,58,383822,234394,0.6107,7875,3066,7875,58,0.0010148420652036027,False,0.6106666666666667,7974.0,0.7841735640832707,0.4,10000.0,5110.0,0.6,7974.0,8223.192284399998,inf,60.0,60.0,227820.0,-52.0,True,1.0,1.15,9456.671127059997,3372.6000000000004,50.0,7974,1.16,True,False,7974.0,6,0.0,0.6,0.1,0.2,0.1,5990.0,False,False,True,ALGORITMO_ESTRATEGICO,2924.0,48.81469115191987,"⚙️ <b>Algoritmo Estratégico</b><br>Costo: $3,066 | Piso Margen: 40.0%<br>📊 <b>Pesos:</b> 🧑‍💼 Hum: 0% | 🧠 Elast: 60% | 🏢 Estrat: 10% | 📈 Macr: 20% | 📦 Stk: 10%<br>🎯 <b>Capa 8 (Elasticidad):</b> Mercado validó el precio (Retención: 116%). El experto defiende el valor comercial.<br>📈 <b>Capa 5:</b> Aceleración de demanda (Captura de margen a 1.15x).<br>🚥 <b>Capa 7:</b> Amortiguador Activo. Alza capada al 5% para proteger al cliente.<br>"
904149,BIOFLORA 250 MG PEDIATRICO X 10 SOBRES (SACCHAROMYCES BOULARDII),NICHO,2024-06-01,155800,20,130919,62043,0.4739,7790,4098,7790,20,0.010793650793650795,False,0.47394094993581515,7974.0,0.7841735640832707,0.4,10000.0,6830.0,0.6,10245.0,10245.0,inf,0.0,,,-72.0,True,-0.033333333333333326,1.0,10245.0,4507.8,50.0,7974,0.4,False,True,10245.0,7,0.0,0.1,0.4,0.3,0.2,5990.0,False,False,True,ALGORITMO_ESTRATEGICO,1892.0,31.585976627712853,"⚙️ <b>Algoritmo Estratégico</b><br>Costo: $4,098 | Piso Margen: 40.0%<br>📊 <b>Pesos:</b> 🧑‍💼 Hum: 0% | 🧠 Elast: 10% | 🏢 Estrat: 40% | 📈 Macr: 30% | 📦 Stk: 20%<br>⚠️ <b>Capa 8 (Elasticidad):</b> Rechazo de mercado detectado (Retención: 40%). Se prioriza recuperar volumen.<br>📦 <b>Capa 5:</b> Blindaje por Bajo Stock (Descuento suspendido para proteger margen).<br>🚥 <b>Capa 7:</b> Amortiguador Activo. Alza capada al 5% para proteger al cliente.<br>"
904149,BIOFLORA 250 MG PEDIATRICO X 10 SOBRES (SACCHAROMYCES BOULARDII),NICHO,2024-07-01,119850,15,100710,47315,0.4698,7990,4236,7990,15,0.025673940949935817,False,0.46983729662077595,7974.0,0.7841735640832707,0.4,10000.0,7060.0,0.6,10590.0,10590.0,inf,96.0,96.0,277194.0,9.0,True,-0.6551724137931034,1.0,10590.0,4659.6,50.0,7974,0.3,False,True,10590.0,8,0.0,0.1,0.4,0.3,0.2,5990.0,False,False,True,ALGORITMO_ESTRATEGICO,1754.0,29.282136894824706,"⚙️ <b>Algoritmo Estratégico</b><br>Costo: $4,236 | Piso Margen: 40.0%<br>📊 <b>Pesos:</b> 🧑‍💼 Hum: 0% | 🧠 Elast: 10% | 🏢 Estrat: 40% | 📈 Macr: 30% | 📦 Stk: 20%<br>⚠️ <b>Capa 8 (Elasticidad):</b> Rechazo de mercado detectado (Retención: 30%). Se prioriza recuperar volumen.<br>📦 <b>Capa 5:</b> Blindaje por Bajo Stock (Descuento suspendido para proteger margen).<br>🚥 <b>Capa 7:</b> Amortiguador Activo. Alza capada al 5% para proteger al cliente.<br>"
904149,BIOFLORA 250 MG PEDIATRICO X 10 SOBRES (SACCHAROMYCES BOULARDII),NICHO,2024-08-01,231710,29,194708,115387,0.5926,7990,3255,7990,29,0.0,False,0.5926157697121401,7974.0,0.7841735640832707,0.4,10000.0,5425.0,0.6,8137.5,10494.69,inf,25.0,25.0,30350.0,5.0,False,-0.25,0.9625,10101.139125000002,3580.5000000000005,50.0,7974,0.58,False,True,8137.5,9,0.0,0.1,0.4,0.3,0.2,5990.0,False,False,True,ALGORITMO_ESTRATEGICO,2735.0,45.65943238731219,"⚙️ <b>Algoritmo Estratégico</b><br>Costo: $3,255 | Piso Margen: 40.0%<br>📊 <b>Pesos:</b> 🧑‍💼 Hum: 0% | 🧠 Elast: 10% | 🏢 Estrat: 40% | 📈 Macr: 30% | 📦 Stk: 20%<br>⚠️ <b>Capa 8 (Elasticidad):</b> Rechazo de mercado detectado (Retención: 58%). Se prioriza recuperar volumen.<br>📉 <b>Capa 5:</b> Caída de rotación (Descuento dinámico a 0.96x para activar demanda).<br>🚥 <b>Capa 7:</b> Amortiguador Activo. Alza capada al 5% para proteger al cliente.<br>"
904149,BIOFLORA 250 MG PEDIATRICO X 10 SOBRES (SACCHAROMYCES BOULARDII),NICHO,2024-09-01,191760,24,161136,97560,0.6054,7990,3152,7990,24,0.0,False,0.6055068836045057,7974.0,0.7841735640832707,0.4,10000.0,5253.333333333334,0.6,7974.0,10673.09973,inf,0.0,,,-19.0,True,0.9333333333333333,1.14,12167.333692199998,3467.2000000000003,50.0,7974,0.48,False,True,7974.0,10,0.0,0.1,0.4,0.3,0.2,5990.0,False,False,True,ALGORITMO_ESTRATEGICO,2838.0,47.378964941569286,"⚙️ <b>Algoritmo Estratégico</b><br>Costo: $3,152 | Piso Margen: 40.0%<br>📊 <b>Pesos:</b> 🧑‍💼 Hum: 0% | 🧠 Elast: 10% | 🏢 Estrat: 40% | 📈 Macr: 30% | 📦 Stk: 20%<br>⚠️ <b>Capa 8 (Elasticidad):</b> Rechazo de mercado detectado (Retención: 48%). Se prioriza recuperar volumen.<br>📈 <b>Capa 5:</b> Aceleración de demanda (Captura de margen a 1.14x).<br>🚥 <b>Capa 7:</b> Amortiguador Activo. Alza capada al 5% para proteger al cliente.<br>"
904149,BIOFLORA 250 MG PEDIATRICO X 10 SOBRES (SACCHAROMYCES BOULARDII),NICHO,2024-10-01,335580,42,281988,170730,0.6055,7990,3152,7990,42,0.0,False,0.6055068836045057,7974.0,0.7841735640832707,0.4,10000.0,5253.333333333334,0.6,7974.0,10790.50382703,inf,0.0,,,-61.0,True,-0.1724137931034483,1.0,10790.50382703,3467.2000000000003,50.0,7974,0.84,True,False,7974.0,11,0.0,0.6,0.1,0.2,0.1,5990.0,False,False,True,ALGORITMO_ESTRATEGICO,2838.0,47.378964941569286,"⚙️ <b>Algoritmo Estratégico</b><br>Costo: $3,152 | Piso Margen: 40.0%<br>📊 <b>Pesos:</b> 🧑‍💼 Hum: 0% | 🧠 Elast: 60% | 🏢 Estrat: 10% | 📈 Macr: 20% | 📦 Stk: 10%<br>🎯 <b>Capa 8 (Elasticidad):</b> Mercado validó el precio (Retención: 84%). El experto defiende el valor comercial.<br>📦 <b>Capa 5:</b> Blindaje por Bajo Stock (Descuento suspendido para proteger margen).<br>🚥 <b>Capa 7:</b> Amortiguador Activo. Alza capada al 5% para proteger al cliente.<br>"
904149,BIOFLORA 250 MG PEDIATRICO X 10 SOBRES (SACCHAROMYCES BOULARDII),NICHO,2024-11-01,207740,26,174564,105696,0.6055,7990,3152,7990,26,0.0,False,0.6055068836045057,7974.0,0.7841735640832707,0.4,10000.0,5253.333333333334,0.6,7974.0,10833.66584233812,inf,0.0,,,-87.0,True,0.75,1.1125,12052.453249601158,3467.2000000000003,50.0,7974,0.52,False,True,7974.0,12,0.0,0.1,0.4,0.3,0.2,5990.0,False,False,True,ALGORITMO_ESTRATEGICO,2838.0,47.378964941569286,"⚙️ <b>Algoritmo Estratégico</b><br>Costo: $3,152 | Piso Margen: 40.0%<br>📊 <b>Pesos:</b> 🧑‍💼 Hum: 0% | 🧠 Elast: 10% | 🏢 Estrat: 40% | 📈 Macr: 30% | 📦 Stk: 20%<br>⚠️ <b>Capa 8 (Elasticidad):</b> Rechazo de mercado detectado (Retención: 52%). Se prioriza recuperar volumen.<br>📈 <b>Capa 5:</b> Aceleración de demanda (Captura de margen a 1.11x).<br>🚥 <b>Capa 7:</b> Amortiguador Activo. Alza capada al 5% para proteger al cliente.<br>"
904149,BIOFLORA 250 MG PEDIATRICO X 10 SOBRES (SACCHAROMYCES BOULARDII),NICHO,2024-12-01,191760,24,161136,95294,0.5914,7990,3265,7990,24,0.0,False,0.5913642052565707,7974.0,0.7841735640832707,0.4,10000.0,5441.666666666667,0.6,8162.5,10877.000505707472,inf,15.0,15.0,55725.0,-96.0,True,-0.38095238095238093,1.0,10877.000505707472,3591.5000000000005,50.0,7974,0.48,False,True,8162.5,13,0.0,0.1,0.4,0.3,0.2,5990.0,False,False,True,ALGORITMO_ESTRATEGICO,2725.0,45.49248747913189,"⚙️ <b>Algoritmo Estratégico</b><br>Costo: $3,265 | Piso Margen: 40.0%<br>📊 <b>Pesos:</b> 🧑‍💼 Hum: 0% | 🧠 Elast: 10% | 🏢 Estrat: 40% | 📈 Macr: 30% | 📦 Stk: 20%<br>⚠️ <b>Capa 8 (Elasticidad):</b> Rechazo de mercado detectado (Retención: 48%). Se prioriza recuperar volumen.<br>📦 <b>Capa 5:</b> Blindaje por Bajo Stock (Descuento suspendido para proteger margen).<br>🚥 <b>Capa 7:</b> Amortiguador Activo. Alza capada al 5% para proteger al cliente.<br>"
904149,BIOFLORA 250 MG PEDIATRICO X 10 SOBRES (SACCHAROMYCES BOULARDII),NICHO,2025-01-01,135830,17,114138,62428,0.547,7990,3620,7990,17,0.0,False,0.5469336670838548,7974.0,0.7841735640832707,0.4,10000.0,6033.333333333334,0.6,9050.0,11083.663515315913,inf,15.0,15.0,56145.0,-98.0,True,-0.07692307692307687,1.0,11083.663515315913,3982.0000000000005,50.0,7974,0.34,False,True,9050.0,14,0.0,0.1,0.4,0.3,0.2,5990.0,False,False,True,ALGORITMO_ESTRATEGICO,2370.0,39.565943238731215,"⚙️ <b>Algoritmo Estratégico</b><br>Costo: $3,620 | Piso Margen: 40.0%<br>📊 <b>Pesos:</b> 🧑‍💼 Hum: 0% | 🧠 Elast: 10% | 🏢 Estrat: 40% | 📈 Macr: 30% | 📦 Stk: 20%<br>⚠️ <b>Capa 8 (Elasticidad):</b> Rechazo de mercado detectado (Retención: 34%). Se prioriza recuperar volumen.<br>📦 <b>Capa 5:</b> Blindaje por Bajo Stock (Descuento suspendido para proteger margen).<br>🚥 <b>Capa 7:</b> Amortiguador Activo. Alza capada al 5% para proteger al cliente.<br>"
904149,BIOFLORA 250 MG PEDIATRICO X 10 SOBRES (SACCHAROMYCES BOULARDII),NICHO,2025-02-01,159800,20,134280,68848,0.5127,7990,3893,7990,20,0.0,False,0.5127659574468085,7974.0,0.7841735640832707,0.4,10000.0,6488.333333333334,0.6,9732.5,11116.91450586186,inf,25.0,25.0,93805.0,-93.0,True,-0.29166666666666663,1.0,11116.91450586186,4282.3,50.0,7974,0.4,False,True,9732.5,15,0.0,0.1,0.4,0.3,0.2,5990.0,False,False,True,ALGORITMO_ESTRATEGICO,2097.0,35.00834724540901,"⚙️ <b>Algoritmo Estratégico</b><br>Costo: $3,893 | Piso Margen: 40.0%<br>📊 <b>Pesos:</b> 🧑‍💼 Hum: 0% | 🧠 Elast: 10% | 🏢 Estrat: 40% | 📈 Macr: 30% | 📦 Stk: 20%<br>⚠️ <b>Capa 8 (Elasticidad):</b> Rechazo de mercado detectado (Retención: 40%). Se prioriza recuperar volumen.<br>📦 <b>Capa 5:</b> Blindaje por Bajo Stock (Descuento suspendido para proteger margen).<br>🚥 <b>Capa 7:</b> Amortiguador Activo. Alza capada al 5% para proteger al cliente.<br>"
904149,BIOFLORA 250 MG PEDIATRICO X 10 SOBRES (SACCHAROMYCES BOULARDII),NICHO,2025-03-01,282720,40,237573,134588,0.5665,7068,3064,7068,40,0.11539424280350438,True,0.5664968873797397,7068.0,0.7841735640832707,0.4,10000.0,5106.666666666667,0.6,7660.0,11128.03142036772,inf,47.0,47.0,58515.0,-86.0,True,0.17647058823529416,1.026470588235294,11422.596957965688,3370.4,20.333333333333332,7068,1.9672131147540985,True,False,7068.0,0,1.0,0.0,0.0,0.0,0.0,7068.0,False,False,False,MANDATO_HUMANO,4004.0,56.64968873797397,"🛑 <b>Capa 0: Mandato Humano</b><br>El administrador fijó el precio a $7,068.<br>Inicio de medición de elasticidad para el nuevo ciclo."
904149,BIOFLORA 250 MG PEDIATRICO X 10 SOBRES (SACCHAROMYCES BOULARDII),NICHO,2025-04-01,339275,54,285097,147003,0.5156,6283,3043,6283,54,0.11106395019807583,True,0.5156772242559287,6283.0,0.7841735640832707,0.4,10000.0,5071.666666666667,0.6,7607.5,7607.5,inf,60.0,60.0,225960.0,-80.0,True,1.0,1.15,8748.625,3347.3,25.666666666666668,6283,2.103896103896104,True,False,6283.0,0,1.0,0.0,0.0,0.0,0.0,6283.0,False,False,False,MANDATO_HUMANO,3240.0,51.56772242559286,"🛑 <b>Capa 0: Mandato Humano</b><br>El administrador fijó el precio a $6,283.<br>Inicio de medición de elasticidad para el nuevo ciclo."
904149,BIOFLORA 250 MG PEDIATRICO X 10 SOBRES (SACCHAROMYCES BOULARDII),NICHO,2025-05-01,175780,22,147708,73060,0.4946,7990,4038,7990,22,0.27168550055705876,True,0.4946182728410513,7990.0,0.7841735640832707,0.4,10000.0,6730.0,0.6,10095.0,10095.0,inf,20.0,20.0,75320.0,-82.0,True,0.3500000000000001,1.0525,10624.9875,4441.8,38.0,7990,0.5789473684210527,False,True,10095.0,0,1.0,0.0,0.0,0.0,0.0,7990.0,False,False,False,MANDATO_HUMANO,3952.0,49.461827284105134,"🛑 <b>Capa 0: Mandato Humano</b><br>El administrador fijó el precio a $7,990.<br>Inicio de medición de elasticidad para el nuevo ciclo."
904149,BIOFLORA 250 MG PEDIATRICO X 10 SOBRES (SACCHAROMYCES BOULARDII),NICHO,2025-06-01,199750,25,167850,79657,0.4746,7990,4198,7990,25,0.0,False,0.47459324155193994,7990.0,0.7841735640832707,0.4,10000.0,6996.666666666667,0.6,10495.0,10495.0,inf,20.0,20.0,187160.0,-87.0,True,-0.5925925925925926,1.0,10495.0,4617.8,38.0,7990,0.6578947368421053,False,True,10495.0,1,0.8,0.019999999999999997,0.07999999999999999,0.059999999999999984,0.039999999999999994,7990.0,False,False,False,HIBRIDO_ORQUESTADO,3792.0,47.459324155194,"⚖️ <b>Transición Híbrida</b><br>Costo: $4,198 | Piso Margen: 40.0%<br>📊 <b>Pesos:</b> 🧑‍💼 Hum: 80% | 🧠 Elast: 2% | 🏢 Estrat: 8% | 📈 Macr: 6% | 📦 Stk: 4%<br>⚠️ <b>Capa 8 (Elasticidad):</b> Rechazo de mercado detectado (Retención: 66%). Se prioriza recuperar volumen.<br>📦 <b>Capa 5:</b> Blindaje por Bajo Stock (Descuento suspendido para proteger margen).<br>"
904149,BIOFLORA 250 MG PEDIATRICO X 10 SOBRES (SACCHAROMYCES BOULARDII),NICHO,2025-07-01,151810,19,127567,59414,0.4657,7990,4269,7990,19,0.0,False,0.46570713391739677,7990.0,0.7841735640832707,0.4,10000.0,7115.0,0.6,10672.5,10672.5,inf,30.0,30.0,106500.0,-76.0,True,0.13636363636363646,1.0204545454545455,10890.801136363636,4695.900000000001,38.0,7990,0.5,False,True,10672.5,2,0.5,0.05,0.2,0.15,0.1,7990.0,False,False,True,HIBRIDO_ORQUESTADO,3721.0,46.57071339173967,"⚖️ <b>Transición Híbrida</b><br>Costo: $4,269 | Piso Margen: 40.0%<br>📊 <b>Pesos:</b> 🧑‍💼 Hum: 50% | 🧠 Elast: 5% | 🏢 Estrat: 20% | 📈 Macr: 15% | 📦 Stk: 10%<br>⚠️ <b>Capa 8 (Elasticidad):</b> Rechazo de mercado detectado (Retención: 50%). Se prioriza recuperar volumen.<br>📈 <b>Capa 5:</b> Aceleración de demanda (Captura de margen a 1.02x).<br>🚥 <b>Capa 7:</b> Amortiguador Activo. Alza capada al 5% para proteger al cliente.<br>"
904149,BIOFLORA 250 MG PEDIATRICO X 10 SOBRES (SACCHAROMYCES BOULARDII),NICHO,2025-08-01,191760,24,161137,75073,0.4659,7990,4267,7990,24,0.0,False,0.46595744680851064,7990.0,0.7841735640832707,0.4,10000.0,7111.666666666667,0.6,10667.5,10704.517499999998,inf,20.0,20.0,79800.0,-80.0,True,-0.24,1.0,10704.517499999998,4693.700000000001,38.0,7990,0.631578947368421,False,True,10667.5,3,0.2,0.08000000000000002,0.32000000000000006,0.24,0.16000000000000003,7990.0,False,False,True,HIBRIDO_ORQUESTADO,3723.0,46.59574468085106,"⚖️ <b>Transición Híbrida</b><br>Costo: $4,267 | Piso Margen: 40.0%<br>📊 <b>Pesos:</b> 🧑‍💼 Hum: 20% | 🧠 Elast: 8% | 🏢 Estrat: 32% | 📈 Macr: 24% | 📦 Stk: 16%<br>⚠️ <b>Capa 8 (Elasticidad):</b> Rechazo de mercado detectado (Retención: 63%). Se prioriza recuperar volumen.<br>📦 <b>Capa 5:</b> Blindaje por Bajo Stock (Descuento suspendido para proteger margen).<br>🚥 <b>Capa 7:</b> Amortiguador Activo. Alza capada al 5% para proteger al cliente.<br>"
904149,BIOFLORA 250 MG PEDIATRICO X 10 SOBRES (SACCHAROMYCES BOULARDII),NICHO,2025-09-01,175780,22,147709,66171,0.448,7990,4411,7990,22,0.0,False,0.44793491864831037,7990.0,0.7841735640832707,0.4,10000.0,7351.666666666667,0.6,11027.5,11027.5,inf,18.0,18.0,68310.0,-84.0,True,0.26315789473684204,1.0394736842105263,11462.796052631578,4852.1,38.0,7990,0.5789473684210527,False,True,11027.5,4,0.0,0.1,0.4,0.3,0.2,7990.0,False,False,True,ALGORITMO_ESTRATEGICO,3579.0,44.79349186483104,"⚙️ <b>Algoritmo Estratégico</b><br>Costo: $4,411 | Piso Margen: 40.0%<br>📊 <b>Pesos:</b> 🧑‍💼 Hum: 0% | 🧠 Elast: 10% | 🏢 Estrat: 40% | 📈 Macr: 30% | 📦 Stk: 20%<br>⚠️ <b>Capa 8 (Elasticidad):</b> Rechazo de mercado detectado (Retención: 58%). Se prioriza recuperar volumen.<br>📈 <b>Capa 5:</b> Aceleración de demanda (Captura de margen a 1.04x).<br>🚥 <b>Capa 7:</b> Amortiguador Activo. Alza capada al 5% para proteger al cliente.<br>"
904149,BIOFLORA 250 MG PEDIATRICO X 10 SOBRES (SACCHAROMYCES BOULARDII),NICHO,2025-10-01,191760,24,161137,71488,0.4436,7990,4445,7990,24,0.0,False,0.44367959949937424,7990.0,0.7841735640832707,0.4,10000.0,7408.333333333334,0.6,11112.5,11112.5,inf,25.0,25.0,93750.0,-83.0,True,-0.08333333333333337,1.0,11112.5,4889.5,38.0,7990,0.631578947368421,False,True,11112.5,5,0.0,0.1,0.4,0.3,0.2,7990.0,False,False,True,ALGORITMO_ESTRATEGICO,3545.0,44.36795994993742,"⚙️ <b>Algoritmo Estratégico</b><br>Costo: $4,445 | Piso Margen: 40.0%<br>📊 <b>Pesos:</b> 🧑‍💼 Hum: 0% | 🧠 Elast: 10% | 🏢 Estrat: 40% | 📈 Macr: 30% | 📦 Stk: 20%<br>⚠️ <b>Capa 8 (Elasticidad):</b> Rechazo de mercado detectado (Retención: 63%). Se prioriza recuperar volumen.<br>📦 <b>Capa 5:</b> Blindaje por Bajo Stock (Descuento suspendido para proteger margen).<br>🚥 <b>Capa 7:</b> Amortiguador Activo. Alza capada al 5% para proteger al cliente.<br>"
904149,BIOFLORA 250 MG PEDIATRICO X 10 SOBRES (SACCHAROMYCES BOULARDII),NICHO,2025-11-01,287640,36,241705,106308,0.4398,7990,4476,7990,36,0.0,False,0.4397997496871089,7990.0,0.7841735640832707,0.4,10000.0,7460.0,0.6,11190.0,11256.9625,inf,24.0,24.0,93360.0,-95.0,True,0.09090909090909083,1.0136363636363637,11410.466534090909,4923.6,38.0,7990,0.9473684210526315,True,False,7990.0,6,0.0,0.6,0.1,0.2,0.1,7990.0,False,False,True,ALGORITMO_ESTRATEGICO,3514.0,43.97997496871089,"⚙️ <b>Algoritmo Estratégico</b><br>Costo: $4,476 | Piso Margen: 40.0%<br>📊 <b>Pesos:</b> 🧑‍💼 Hum: 0% | 🧠 Elast: 60% | 🏢 Estrat: 10% | 📈 Macr: 20% | 📦 Stk: 10%<br>🎯 <b>Capa 8 (Elasticidad):</b> Mercado validó el precio (Retención: 95%). El experto defiende el valor comercial.<br>📈 <b>Capa 5:</b> Aceleración de demanda (Captura de margen a 1.01x).<br>🚥 <b>Capa 7:</b> Amortiguador Activo. Alza capada al 5% para proteger al cliente.<br>"
904149,BIOFLORA 250 MG PEDIATRICO X 10 SOBRES (SACCHAROMYCES BOULARDII),NICHO,2025-12-01,215730,27,181278,78302,0.4319,7990,4539,7990,27,0.0,False,0.4319148936170213,7990.0,0.7841735640832707,0.4,10000.0,7565.0,0.6,11347.5,11347.5,inf,30.0,30.0,116700.0,-92.0,True,0.5,1.075,12198.5625,4992.900000000001,38.0,7990,0.7105263157894737,True,False,7990.0,7,0.0,0.6,0.1,0.2,0.1,7990.0,False,False,True,ALGORITMO_ESTRATEGICO,3451.0,43.19148936170213,"⚙️ <b>Algoritmo Estratégico</b><br>Costo: $4,539 | Piso Margen: 40.0%<br>📊 <b>Pesos:</b> 🧑‍💼 Hum: 0% | 🧠 Elast: 60% | 🏢 Estrat: 10% | 📈 Macr: 20% | 📦 Stk: 10%<br>🎯 <b>Capa 8 (Elasticidad):</b> Mercado validó el precio (Retención: 71%). El experto defiende el valor comercial.<br>📈 <b>Capa 5:</b> Aceleración de demanda (Captura de margen a 1.07x).<br>🚥 <b>Capa 7:</b> Amortiguador Activo. Alza capada al 5% para proteger al cliente.<br>"
904149,BIOFLORA 250 MG PEDIATRICO X 10 SOBRES (SACCHAROMYCES BOULARDII),NICHO,2026-01-01,119850,15,100710,43121,0.4282,7990,4569,7990,15,0.0,False,0.4281602002503129,7990.0,0.7841735640832707,0.4,10000.0,7615.0,0.6,11422.5,11495.017499999998,inf,30.0,30.0,166674.0,-77.0,True,-0.25,1.0,11495.017499999998,5025.900000000001,38.0,7990,0.39473684210526316,False,True,11422.5,8,0.0,0.1,0.4,0.3,0.2,7990.0,False,False,True,ALGORITMO_ESTRATEGICO,3421.0,42.816020025031285,"⚙️ <b>Algoritmo Estratégico</b><br>Costo: $4,569 | Piso Margen: 40.0%<br>📊 <b>Pesos:</b> 🧑‍💼 Hum: 0% | 🧠 Elast: 10% | 🏢 Estrat: 40% | 📈 Macr: 30% | 📦 Stk: 20%<br>⚠️ <b>Capa 8 (Elasticidad):</b> Rechazo de mercado detectado (Retención: 39%). Se prioriza recuperar volumen.<br>📦 <b>Capa 5:</b> Blindaje por Bajo Stock (Descuento suspendido para proteger margen).<br>🚥 <b>Capa 7:</b> Amortiguador Activo. Alza capada al 5% para proteger al cliente.<br>"
904149,BIOFLORA 250 MG PEDIATRICO X 10 SOBRES (SACCHAROMYCES BOULARDII),NICHO,2026-02-01,111860,14,93996,41056,0.4368,7990,4500,7990,14,0.0,False,0.43679599499374216,7990.0,0.7841735640832707,0.4,10000.0,7500.0,0.6,11250.0,11667.442762499997,inf,0.0,,,-91.0,True,-0.4444444444444444,1.0,11667.442762499997,4950.0,38.0,7990,0.3684210526315789,False,True,11250.0,9,0.0,0.1,0.4,0.3,0.2,7990.0,False,False,True,ALGORITMO_ESTRATEGICO,3490.0,43.67959949937422,"⚙️ <b>Algoritmo Estratégico</b><br>Costo: $4,500 | Piso Margen: 40.0%<br>📊 <b>Pesos:</b> 🧑‍💼 Hum: 0% | 🧠 Elast: 10% | 🏢 Estrat: 40% | 📈 Macr: 30% | 📦 Stk: 20%<br>⚠️ <b>Capa 8 (Elasticidad):</b> Rechazo de mercado detectado (Retención: 37%). Se prioriza recuperar volumen.<br>📦 <b>Capa 5:</b> Blindaje por Bajo Stock (Descuento suspendido para proteger margen).<br>🚥 <b>Capa 7:</b> Amortiguador Activo. Alza capada al 5% para proteger al cliente.<br>"
904149,BIOFLORA 250 MG PEDIATRICO X 10 SOBRES (SACCHAROMYCES BOULARDII),NICHO,2026-03-01,135830,17,114138,50053,0.4385,7990,4486,7990,17,0.0,False,0.43854818523153943,7990.0,0.7841735640832707,0.4,10000.0,7476.666666666667,0.6,11215.0,11562.435777637496,inf,25.0,25.0,87750.0,-83.0,True,-0.06666666666666665,1.0,11562.435777637496,4934.6,38.0,7990,0.4473684210526316,False,True,11215.0,10,0.0,0.1,0.4,0.3,0.2,7990.0,False,False,True,ALGORITMO_ESTRATEGICO,3504.0,43.854818523153945,"⚙️ <b>Algoritmo Estratégico</b><br>Costo: $4,486 | Piso Margen: 40.0%<br>📊 <b>Pesos:</b> 🧑‍💼 Hum: 0% | 🧠 Elast: 10% | 🏢 Estrat: 40% | 📈 Macr: 30% | 📦 Stk: 20%<br>⚠️ <b>Capa 8 (Elasticidad):</b> Rechazo de mercado detectado (Retención: 45%). Se prioriza recuperar volumen.<br>📦 <b>Capa 5:</b> Blindaje por Bajo Stock (Descuento suspendido para proteger margen).<br>🚥 <b>Capa 7:</b> Amortiguador Activo. Alza capada al 5% para proteger al cliente.<br>"
904149,BIOFLORA 250 MG PEDIATRICO X 10 SOBRES (SACCHAROMYCES BOULARDII),NICHO,2026-04-01,386260,66,324582,84401,0.26,5852,4331,5852,66,0.26758448060075096,True,0.25991114149008887,5852.0,0.7841735640832707,0.4,10000.0,7218.333333333334,0.6,10827.5,11689.622571191509,inf,120.0,120.0,217200.0,-29.0,True,0.2142857142857142,1.032142857142857,12065.360439551234,4764.1,15.333333333333334,5852,4.304347826086956,True,False,5852.0,0,1.0,0.0,0.0,0.0,0.0,5852.0,False,False,False,MANDATO_HUMANO,1521.0,25.991114149008887,"🛑 <b>Capa 0: Mandato Humano</b><br>El administrador fijó el precio a $5,852.<br>Inicio de medición de elasticidad para el nuevo ciclo."
904149,BIOFLORA 250 MG PEDIATRICO X 10 SOBRES (SACCHAROMYCES BOULARDII),NICHO,2026-05-01,231710,29,194706,89291,0.4586,7990,4326,7990,29,0.3653451811346548,True,0.4585732165206508,7990.0,0.7841735640832707,0.4,10000.0,7210.0,0.6,10815.0,10815.0,inf,0.0,,,-58.0,True,2.8823529411764706,1.15,12437.249999999998,4758.6,32.333333333333336,7990,0.8969072164948453,True,False,7990.0,0,1.0,0.0,0.0,0.0,0.0,7990.0,False,False,False,MANDATO_HUMANO,3664.0,45.85732165206508,"🛑 <b>Capa 0: Mandato Humano</b><br>El administrador fijó el precio a $7,990.<br>Inicio de medición de elasticidad para el nuevo ciclo."
904149,BIOFLORA 250 MG PEDIATRICO X 10 SOBRES (SACCHAROMYCES BOULARDII),NICHO,2026-06-01,154810,19,130089,61024,0.4691,8148,4326,8148,19,0.019774718397997496,False,0.4690721649484536,7990.0,0.7841735640832707,0.4,10000.0,7210.0,0.6,10815.0,10815.0,inf,0.0,,,-77.0,True,-0.5606060606060606,1.0,10815.0,4758.6,32.333333333333336,7990,0.5876288659793814,False,True,10815.0,1,0.8,0.019999999999999997,0.07999999999999999,0.059999999999999984,0.039999999999999994,7990.0,False,False,False,HIBRIDO_ORQUESTADO,3664.0,45.85732165206508,"⚖️ <b>Transición Híbrida</b><br>Costo: $4,326 | Piso Margen: 40.0%<br>📊 <b>Pesos:</b> 🧑‍💼 Hum: 80% | 🧠 Elast: 2% | 🏢 Estrat: 8% | 📈 Macr: 6% | 📦 Stk: 4%<br>⚠️ <b>Capa 8 (Elasticidad):</b> Rechazo de mercado detectado (Retención: 59%). Se prioriza recuperar volumen.<br>📦 <b>Capa 5:</b> Blindaje por Bajo Stock (Descuento suspendido para proteger margen).<br>"
904149,BIOFLORA 250 MG PEDIATRICO X 10 SOBRES (SACCHAROMYCES BOULARDII),NICHO,2026-07-01,749680,140,629991,84617,0.1343,5355,4636,5355,140,0.3427835051546392,True,0.13426704014939309,5355.0,0.7841735640832707,0.4,10000.0,7726.666666666667,0.6,11590.0,11590.0,inf,240.0,240.0,957600.0,23.0,True,-0.3448275862068966,1.0,11590.0,5099.6,38.0,5355,3.6842105263157894,True,False,5355.0,0,1.0,0.0,0.0,0.0,0.0,5355.0,False,False,False,MANDATO_HUMANO,719.0,13.42670401493931,"🛑 <b>Capa 0: Mandato Humano</b><br>El administrador fijó el precio a $5,355.<br>Inicio de medición de elasticidad para el nuevo ciclo."
904149,BIOFLORA 250 MG PEDIATRICO X 10 SOBRES (SACCHAROMYCES BOULARDII),NICHO,2026-08-01,143840,16,120879,58047,0.4802,8990,4673,8990,16,0.6788048552754435,True,0.48020022246941046,8990.0,0.7841735640832707,0.4,10000.0,7788.333333333334,0.6,11682.5,11682.5,inf,0.0,,,7.0,False,6.368421052631579,1.15,13434.874999999998,5140.3,62.666666666666664,8990,0.25531914893617025,False,True,11682.5,0,1.0,0.0,0.0,0.0,0.0,8990.0,False,False,False,MANDATO_HUMANO,4317.0,48.020022246941046,"🛑 <b>Capa 0: Mandato Humano</b><br>El administrador fijó el precio a $8,990.<br>Inicio de medición de elasticidad para el nuevo ciclo."
904149,BIOFLORA 250 MG PEDIATRICO X 10 SOBRES (SACCHAROMYCES BOULARDII),NICHO,2026-09-01,26970,3,22665,10884,0.4802,8990,4673,8990,3,0.0,False,0.48020022246941046,8990.0,0.7841735640832707,0.4,10000.0,7788.333333333334,0.6,11682.5,11682.5,inf,0.0,,,4.0,False,-0.8857142857142857,1.0,11682.5,5140.3,62.666666666666664,8990,0.047872340425531915,False,True,11682.5,1,0.8,0.019999999999999997,0.07999999999999999,0.059999999999999984,0.039999999999999994,8990.0,False,False,False,HIBRIDO_ORQUESTADO,4317.0,48.020022246941046,"⚖️ <b>Transición Híbrida</b><br>Costo: $4,673 | Piso Margen: 40.0%<br>📊 <b>Pesos:</b> 🧑‍💼 Hum: 80% | 🧠 Elast: 2% | 🏢 Estrat: 8% | 📈 Macr: 6% | 📦 Stk: 4%<br>⚠️ <b>Capa 8 (Elasticidad):</b> Rechazo de mercado detectado (Retención: 5%). Se prioriza recuperar volumen.<br>"
7800068011337,BONAVID 50.000 UI X 4 CAPS BLANDAS (COLECACIFEROL),BIOEQUIVALENTE_MARCA,2023-11-01,157900,10,132690,87300,0.6579,15790,5401,15790,10,0.0,True,0.65794806839772,15790.0,0.65794806839772,0.18,25000.0,6586.585365853658,0.526358454718176,15790.0,15790.0,inf,0.0,,,-10.0,True,0.0,1.0,15790.0,5941.1,10.0,15790,1.0,True,False,15790.0,0,1.0,0.0,0.0,0.0,0.0,15790.0,False,False,False,MANDATO_HUMANO,10389.0,65.79480683977201,"🛑 <b>Capa 0: Mandato Humano</b><br>El administrador fijó el precio a $15,790.<br>Inicio de medición de elasticidad para el nuevo ciclo."
7800068011337,BONAVID 50.000 UI X 4 CAPS BLANDAS (COLECACIFEROL),BIOEQUIVALENTE_MARCA,2023-12-01,173690,11,145959,107139,0.734,15790,4200,15790,11,0.0,False,0.734008866371121,15790.0,0.65794806839772,0.18,25000.0,5121.951219512195,0.526358454718176,15790.0,15790.0,inf,10.0,10.0,20000.0,-11.0,True,0.0,1.0,15790.0,4620.0,10.0,15790,1.1,True,False,15790.0,1,0.8,0.11999999999999997,0.019999999999999997,0.039999999999999994,0.019999999999999997,15990.0,False,False,False,HIBRIDO_ORQUESTADO,11790.0,73.73358348968105,"⚖️ <b>Transición Híbrida</b><br>Costo: $4,200 | Piso Margen: 18.0%<br>📊 <b>Pesos:</b> 🧑‍💼 Hum: 80% | 🧠 Elast: 12% | 🏢 Estrat: 2% | 📈 Macr: 4% | 📦 Stk: 2%<br>🎯 <b>Capa 8 (Elasticidad):</b> Mercado validó el precio (Retención: 110%). El experto defiende el valor comercial.<br>"
7800068011337,BONAVID 50.000 UI X 4 CAPS BLANDAS (COLECACIFEROL),BIOEQUIVALENTE_MARCA,2024-01-01,126320,8,106152,63666,0.5998,15790,6320,15790,8,0.0,False,0.5997466751108297,15790.0,0.65794806839772,0.18,25000.0,7707.317073170731,0.526358454718176,15790.0,15790.0,inf,10.0,10.0,89900.0,-9.0,True,0.10000000000000009,1.0,15790.0,6952.000000000001,10.0,15790,0.8,True,False,15790.0,2,0.5,0.3,0.05,0.1,0.05,14990.0,False,False,False,HIBRIDO_ORQUESTADO,8670.0,57.83855903935957,"⚖️ <b>Transición Híbrida</b><br>Costo: $6,320 | Piso Margen: 18.0%<br>📊 <b>Pesos:</b> 🧑‍💼 Hum: 50% | 🧠 Elast: 30% | 🏢 Estrat: 5% | 📈 Macr: 10% | 📦 Stk: 5%<br>🎯 <b>Capa 8 (Elasticidad):</b> Mercado validó el precio (Retención: 80%). El experto defiende el valor comercial.<br>"
7800068011337,BONAVID 50.000 UI X 4 CAPS BLANDAS (COLECACIFEROL),BIOEQUIVALENTE_MARCA,2024-02-01,94740,6,79614,28866,0.3626,15790,10065,15790,6,0.0,False,0.36257124762507914,15790.0,0.65794806839772,0.18,25000.0,12274.390243902439,0.526358454718176,21250.24736588757,21250.24736588757,inf,20.0,20.0,192820.0,5.0,True,-0.2727272727272727,1.0,21250.24736588757,11071.5,10.0,15790,0.6,False,True,21250.24736588757,3,0.2,0.08000000000000002,0.32000000000000006,0.24,0.16000000000000003,15990.0,False,False,True,HIBRIDO_ORQUESTADO,5925.0,37.05440900562852,"⚖️ <b>Transición Híbrida</b><br>Costo: $10,065 | Piso Margen: 18.0%<br>📊 <b>Pesos:</b> 🧑‍💼 Hum: 20% | 🧠 Elast: 8% | 🏢 Estrat: 32% | 📈 Macr: 24% | 📦 Stk: 16%<br>⚠️ <b>Capa 8 (Elasticidad):</b> Rechazo de mercado detectado (Retención: 60%). Se prioriza recuperar volumen.<br>📦 <b>Capa 5:</b> Blindaje por Bajo Stock (Descuento suspendido para proteger margen).<br>🚥 <b>Capa 7:</b> Amortiguador Activo. Alza capada al 5% para proteger al cliente.<br>"
7800068011337,BONAVID 50.000 UI X 4 CAPS BLANDAS (COLECACIFEROL),BIOEQUIVALENTE_MARCA,2024-03-01,140531,9,118094,40316,0.3414,15615,10284,15615,9,0.011082963901203294,False,0.34140249759846303,15790.0,0.65794806839772,0.18,25000.0,12541.463414634145,0.526358454718176,21712.622345830878,21712.622345830878,inf,0.0,,,-4.0,True,-0.25,1.0,21712.622345830878,11312.400000000001,10.0,15790,0.9,True,False,15790.0,4,0.0,0.6,0.1,0.2,0.1,16990.0,False,False,True,ALGORITMO_ESTRATEGICO,6706.0,39.470276633313716,"⚙️ <b>Algoritmo Estratégico</b><br>Costo: $10,284 | Piso Margen: 18.0%<br>📊 <b>Pesos:</b> 🧑‍💼 Hum: 0% | 🧠 Elast: 60% | 🏢 Estrat: 10% | 📈 Macr: 20% | 📦 Stk: 10%<br>🎯 <b>Capa 8 (Elasticidad):</b> Mercado validó el precio (Retención: 90%). El experto defiende el valor comercial.<br>📦 <b>Capa 5:</b> Blindaje por Bajo Stock (Descuento suspendido para proteger margen).<br>🚥 <b>Capa 7:</b> Amortiguador Activo. Alza capada al 5% para proteger al cliente.<br>"
7800068011337,BONAVID 50.000 UI X 4 CAPS BLANDAS (COLECACIFEROL),BIOEQUIVALENTE_MARCA,2024-04-01,195796,13,164535,52232,0.3175,15061,10280,15061,13,0.03547870637207813,False,0.31744240090299447,15790.0,0.65794806839772,0.18,25000.0,12536.585365853658,0.526358454718176,21704.17714071776,21842.898079905863,inf,10.0,10.0,86100.0,-7.0,True,0.5,1.075,23481.115435898802,11308.000000000002,10.0,15790,1.3,True,False,15790.0,5,0.0,0.6,0.1,0.2,0.1,16990.0,False,False,False,ALGORITMO_ESTRATEGICO,6710.0,39.49381989405533,"⚙️ <b>Algoritmo Estratégico</b><br>Costo: $10,280 | Piso Margen: 18.0%<br>📊 <b>Pesos:</b> 🧑‍💼 Hum: 0% | 🧠 Elast: 60% | 🏢 Estrat: 10% | 📈 Macr: 20% | 📦 Stk: 10%<br>🎯 <b>Capa 8 (Elasticidad):</b> Mercado validó el precio (Retención: 130%). El experto defiende el valor comercial.<br>📈 <b>Capa 5:</b> Aceleración de demanda (Captura de margen a 1.07x).<br>"
7800068011337,BONAVID 50.000 UI X 4 CAPS BLANDAS (COLECACIFEROL),BIOEQUIVALENTE_MARCA,2024-05-01,157900,10,132690,46504,0.3505,15790,10256,15790,10,0.04840316048071177,True,0.3504749841671944,15790.0,0.65794806839772,0.18,25000.0,12507.31707317073,0.526358454718176,21653.50591003904,21842.898079905863,inf,20.0,20.0,172200.0,3.0,True,0.4444444444444444,1.0666666666666667,23299.09128523292,11281.6,9.333333333333334,15790,1.0714285714285714,True,False,15790.0,0,1.0,0.0,0.0,0.0,0.0,15790.0,False,False,False,MANDATO_HUMANO,5534.0,35.04749841671944,"🛑 <b>Capa 0: Mandato Humano</b><br>El administrador fijó el precio a $15,790.<br>Inicio de medición de elasticidad para el nuevo ciclo."
7800068011337,BONAVID 50.000 UI X 4 CAPS BLANDAS (COLECACIFEROL),BIOEQUIVALENTE_MARCA,2024-06-01,236850,15,199035,69870,0.351,15790,10247,15790,15,0.0,False,0.35104496516782774,15790.0,0.65794806839772,0.18,25000.0,12496.341463414634,0.526358454718176,21634.50419853452,21634.50419853452,inf,2.0,2.0,86100.0,-10.0,True,-0.23076923076923073,1.0,21634.50419853452,11271.7,9.333333333333334,15790,1.607142857142857,True,False,15790.0,1,0.8,0.11999999999999997,0.019999999999999997,0.039999999999999994,0.019999999999999997,15990.0,False,False,False,HIBRIDO_ORQUESTADO,5743.0,35.9161976235147,"⚖️ <b>Transición Híbrida</b><br>Costo: $10,247 | Piso Margen: 18.0%<br>📊 <b>Pesos:</b> 🧑‍💼 Hum: 80% | 🧠 Elast: 12% | 🏢 Estrat: 2% | 📈 Macr: 4% | 📦 Stk: 2%<br>🎯 <b>Capa 8 (Elasticidad):</b> Mercado validó el precio (Retención: 161%). El experto defiende el valor comercial.<br>📦 <b>Capa 5:</b> Blindaje por Bajo Stock (Descuento suspendido para proteger margen).<br>"
7800068011337,BONAVID 50.000 UI X 4 CAPS BLANDAS (COLECACIFEROL),BIOEQUIVALENTE_MARCA,2024-07-01,142110,9,119421,41258,0.3455,15790,10335,15790,9,0.0,False,0.3454718176060798,15790.0,0.65794806839772,0.18,25000.0,12603.658536585364,0.526358454718176,21820.298711023155,21872.483744718396,inf,15.0,15.0,131700.0,-4.0,True,0.5,1.075,23512.920025572275,11368.500000000002,9.333333333333334,15790,0.9642857142857142,True,False,15790.0,2,0.5,0.3,0.05,0.1,0.05,16990.0,False,False,False,HIBRIDO_ORQUESTADO,6655.0,39.170100058858154,"⚖️ <b>Transición Híbrida</b><br>Costo: $10,335 | Piso Margen: 18.0%<br>📊 <b>Pesos:</b> 🧑‍💼 Hum: 50% | 🧠 Elast: 30% | 🏢 Estrat: 5% | 📈 Macr: 10% | 📦 Stk: 5%<br>🎯 <b>Capa 8 (Elasticidad):</b> Mercado validó el precio (Retención: 96%). El experto defiende el valor comercial.<br>📈 <b>Capa 5:</b> Aceleración de demanda (Captura de margen a 1.07x).<br>"
7800068011337,BONAVID 50.000 UI X 4 CAPS BLANDAS (COLECACIFEROL),BIOEQUIVALENTE_MARCA,2024-08-01,236850,15,199035,67714,0.3402,15790,10418,15790,15,0.0,False,0.3402153261557948,15790.0,0.65794806839772,0.18,25000.0,12704.878048780487,0.526358454718176,21995.53671712039,21995.53671712039,inf,10.0,10.0,87800.0,-9.0,True,-0.4,1.0,21995.53671712039,11459.800000000001,9.333333333333334,15790,1.607142857142857,True,False,15790.0,3,0.2,0.48,0.08000000000000002,0.16000000000000003,0.08000000000000002,16990.0,False,False,False,HIBRIDO_ORQUESTADO,6572.0,38.681577398469685,"⚖️ <b>Transición Híbrida</b><br>Costo: $10,418 | Piso Margen: 18.0%<br>📊 <b>Pesos:</b> 🧑‍💼 Hum: 20% | 🧠 Elast: 48% | 🏢 Estrat: 8% | 📈 Macr: 16% | 📦 Stk: 8%<br>🎯 <b>Capa 8 (Elasticidad):</b> Mercado validó el precio (Retención: 161%). El experto defiende el valor comercial.<br>📦 <b>Capa 5:</b> Blindaje por Bajo Stock (Descuento suspendido para proteger margen).<br>"
7800068011337,BONAVID 50.000 UI X 4 CAPS BLANDAS (COLECACIFEROL),BIOEQUIVALENTE_MARCA,2024-09-01,189480,12,159228,53991,0.3391,15790,10436,15790,12,0.0,False,0.33907536415452816,15790.0,0.65794806839772,0.18,25000.0,12726.829268292682,0.526358454718176,22033.54014012943,22369.460841311437,inf,15.0,15.0,219500.0,-6.0,True,0.6666666666666667,1.1,24606.40692544258,11479.6,9.333333333333334,15790,1.2857142857142856,True,False,15790.0,4,0.0,0.6,0.1,0.2,0.1,17990.0,False,False,False,ALGORITMO_ESTRATEGICO,7554.0,41.98999444135631,"⚙️ <b>Algoritmo Estratégico</b><br>Costo: $10,436 | Piso Margen: 18.0%<br>📊 <b>Pesos:</b> 🧑‍💼 Hum: 0% | 🧠 Elast: 60% | 🏢 Estrat: 10% | 📈 Macr: 20% | 📦 Stk: 10%<br>🎯 <b>Capa 8 (Elasticidad):</b> Mercado validó el precio (Retención: 129%). El experto defiende el valor comercial.<br>📈 <b>Capa 5:</b> Aceleración de demanda (Captura de margen a 1.10x).<br>"
7800068011337,BONAVID 50.000 UI X 4 CAPS BLANDAS (COLECACIFEROL),BIOEQUIVALENTE_MARCA,2024-10-01,236850,15,199035,61344,0.3082,15790,10923,15790,15,0.0,False,0.3082330588980367,15790.0,0.65794806839772,0.18,25000.0,13320.731707317073,0.526358454718176,23061.743862651758,23061.743862651758,inf,35.0,35.0,480800.0,14.0,True,-0.19999999999999996,1.0,23061.743862651758,12015.300000000001,9.333333333333334,15790,1.607142857142857,True,False,15790.0,5,0.0,0.6,0.1,0.2,0.1,17990.0,False,False,False,ALGORITMO_ESTRATEGICO,7067.0,39.28293496386882,"⚙️ <b>Algoritmo Estratégico</b><br>Costo: $10,923 | Piso Margen: 18.0%<br>📊 <b>Pesos:</b> 🧑‍💼 Hum: 0% | 🧠 Elast: 60% | 🏢 Estrat: 10% | 📈 Macr: 20% | 📦 Stk: 10%<br>🎯 <b>Capa 8 (Elasticidad):</b> Mercado validó el precio (Retención: 161%). El experto defiende el valor comercial.<br>📦 <b>Capa 5:</b> Blindaje por Bajo Stock (Descuento suspendido para proteger margen).<br>"
7800068011337,BONAVID 50.000 UI X 4 CAPS BLANDAS (COLECACIFEROL),BIOEQUIVALENTE_MARCA,2024-11-01,221060,14,185766,47488,0.2556,15790,11754,15790,14,0.0,False,0.25560481317289424,15790.0,0.65794806839772,0.18,25000.0,14334.146341463413,0.526358454718176,24816.235224902386,24816.235224902386,inf,15.0,15.0,131700.0,15.0,False,0.25,1.0375,25746.844045836227,12929.400000000001,9.333333333333334,15790,1.5,True,False,15790.0,6,0.0,0.6,0.1,0.2,0.1,17990.0,False,False,False,ALGORITMO_ESTRATEGICO,6236.0,34.66370205669816,"⚙️ <b>Algoritmo Estratégico</b><br>Costo: $11,754 | Piso Margen: 18.0%<br>📊 <b>Pesos:</b> 🧑‍💼 Hum: 0% | 🧠 Elast: 60% | 🏢 Estrat: 10% | 📈 Macr: 20% | 📦 Stk: 10%<br>🎯 <b>Capa 8 (Elasticidad):</b> Mercado validó el precio (Retención: 150%). El experto defiende el valor comercial.<br>📈 <b>Capa 5:</b> Aceleración de demanda (Captura de margen a 1.04x).<br>"
7800068011337,BONAVID 50.000 UI X 4 CAPS BLANDAS (COLECACIFEROL),BIOEQUIVALENTE_MARCA,2024-12-01,221060,14,185766,53870,0.29,15790,11211,15790,14,0.0,False,0.28999366687777073,15790.0,0.65794806839772,0.18,25000.0,13671.951219512193,0.526358454718176,23669.79863079638,24915.500165801997,inf,0.0,,,1.0,True,-0.06666666666666665,1.0,24915.500165801997,12332.1,9.333333333333334,15790,1.5,True,False,15790.0,7,0.0,0.6,0.1,0.2,0.1,17990.0,False,False,False,ALGORITMO_ESTRATEGICO,6779.0,37.68204558087827,"⚙️ <b>Algoritmo Estratégico</b><br>Costo: $11,211 | Piso Margen: 18.0%<br>📊 <b>Pesos:</b> 🧑‍💼 Hum: 0% | 🧠 Elast: 60% | 🏢 Estrat: 10% | 📈 Macr: 20% | 📦 Stk: 10%<br>🎯 <b>Capa 8 (Elasticidad):</b> Mercado validó el precio (Retención: 150%). El experto defiende el valor comercial.<br>📦 <b>Capa 5:</b> Blindaje por Bajo Stock (Descuento suspendido para proteger margen).<br>"
7800068011337,BONAVID 50.000 UI X 4 CAPS BLANDAS (COLECACIFEROL),BIOEQUIVALENTE_MARCA,2025-01-01,142110,9,119421,35122,0.2941,15790,11146,15790,9,0.0,False,0.2941101963267891,15790.0,0.65794806839772,0.18,25000.0,13592.682926829268,0.526358454718176,23532.564047708187,25388.894668952234,inf,15.0,15.0,138300.0,7.0,True,0.0,1.0,25388.894668952234,12260.6,9.333333333333334,15790,0.9642857142857142,True,False,15790.0,8,0.0,0.6,0.1,0.2,0.1,17990.0,False,False,False,ALGORITMO_ESTRATEGICO,6844.0,38.04335742078933,"⚙️ <b>Algoritmo Estratégico</b><br>Costo: $11,146 | Piso Margen: 18.0%<br>📊 <b>Pesos:</b> 🧑‍💼 Hum: 0% | 🧠 Elast: 60% | 🏢 Estrat: 10% | 📈 Macr: 20% | 📦 Stk: 10%<br>🎯 <b>Capa 8 (Elasticidad):</b> Mercado validó el precio (Retención: 96%). El experto defiende el valor comercial.<br>"
7800068011337,BONAVID 50.000 UI X 4 CAPS BLANDAS (COLECACIFEROL),BIOEQUIVALENTE_MARCA,2025-02-01,189480,12,159228,47700,0.2996,15790,11060,15790,12,0.0,False,0.29955668144395187,15790.0,0.65794806839772,0.18,25000.0,13487.804878048779,0.526358454718176,23350.99213777611,25465.06135295909,inf,15.0,15.0,230500.0,10.0,False,-0.3571428571428571,0.9464285714285714,24100.861637621994,12166.000000000002,9.333333333333334,15790,1.2857142857142856,True,False,15790.0,9,0.0,0.6,0.1,0.2,0.1,17990.0,False,False,False,ALGORITMO_ESTRATEGICO,6930.0,38.52140077821012,"⚙️ <b>Algoritmo Estratégico</b><br>Costo: $11,060 | Piso Margen: 18.0%<br>📊 <b>Pesos:</b> 🧑‍💼 Hum: 0% | 🧠 Elast: 60% | 🏢 Estrat: 10% | 📈 Macr: 20% | 📦 Stk: 10%<br>🎯 <b>Capa 8 (Elasticidad):</b> Mercado validó el precio (Retención: 129%). El experto defiende el valor comercial.<br>📉 <b>Capa 5:</b> Caída de rotación (Descuento dinámico a 0.95x para activar demanda).<br>"
7800068011337,BONAVID 50.000 UI X 4 CAPS BLANDAS (COLECACIFEROL),BIOEQUIVALENTE_MARCA,2025-03-01,315800,20,265380,80348,0.3028,15790,11009,15790,20,0.0,False,0.302786573780874,15790.0,0.65794806839772,0.18,25000.0,13425.60975609756,0.526358454718176,23243.315772583835,25490.526414312044,inf,20.0,20.0,184400.0,10.0,False,0.33333333333333326,1.05,26765.052735027646,12109.900000000001,9.333333333333334,15790,2.142857142857143,True,False,15790.0,10,0.0,0.6,0.1,0.2,0.1,18990.0,False,False,False,ALGORITMO_ESTRATEGICO,7981.0,42.027382833070035,"⚙️ <b>Algoritmo Estratégico</b><br>Costo: $11,009 | Piso Margen: 18.0%<br>📊 <b>Pesos:</b> 🧑‍💼 Hum: 0% | 🧠 Elast: 60% | 🏢 Estrat: 10% | 📈 Macr: 20% | 📦 Stk: 10%<br>🎯 <b>Capa 8 (Elasticidad):</b> Mercado validó el precio (Retención: 214%). El experto defiende el valor comercial.<br>📈 <b>Capa 5:</b> Aceleración de demanda (Captura de margen a 1.05x).<br>"
7800068011337,BONAVID 50.000 UI X 4 CAPS BLANDAS (COLECACIFEROL),BIOEQUIVALENTE_MARCA,2025-04-01,110530,7,92883,27835,0.2997,15790,11058,15790,7,0.0,False,0.29968334388853707,15790.0,0.65794806839772,0.18,25000.0,13485.365853658535,0.526358454718176,23346.76953521955,25516.016940726353,inf,15.0,15.0,146850.0,18.0,False,0.6666666666666667,1.1,28067.61863479899,12163.800000000001,9.333333333333334,15790,0.75,True,False,15790.0,11,0.0,0.6,0.1,0.2,0.1,18990.0,False,False,False,ALGORITMO_ESTRATEGICO,7932.0,41.76935229067931,"⚙️ <b>Algoritmo Estratégico</b><br>Costo: $11,058 | Piso Margen: 18.0%<br>📊 <b>Pesos:</b> 🧑‍💼 Hum: 0% | 🧠 Elast: 60% | 🏢 Estrat: 10% | 📈 Macr: 20% | 📦 Stk: 10%<br>🎯 <b>Capa 8 (Elasticidad):</b> Mercado validó el precio (Retención: 75%). El experto defiende el valor comercial.<br>📈 <b>Capa 5:</b> Aceleración de demanda (Captura de margen a 1.10x).<br>"
7800068011337,BONAVID 50.000 UI X 4 CAPS BLANDAS (COLECACIFEROL),BIOEQUIVALENTE_MARCA,2025-05-01,110530,7,92883,26726,0.2877,15790,11247,15790,7,0.0,False,0.2877137428752375,15790.0,0.65794806839772,0.18,25000.0,13715.853658536584,0.526358454718176,23745.805476814458,25184.30872049691,inf,0.0,,,11.0,False,-0.65,0.9025,22728.838620248458,12371.7,9.333333333333334,15790,0.75,True,False,15790.0,12,0.0,0.6,0.1,0.2,0.1,17990.0,False,False,False,ALGORITMO_ESTRATEGICO,6743.0,37.48193440800445,"⚙️ <b>Algoritmo Estratégico</b><br>Costo: $11,247 | Piso Margen: 18.0%<br>📊 <b>Pesos:</b> 🧑‍💼 Hum: 0% | 🧠 Elast: 60% | 🏢 Estrat: 10% | 📈 Macr: 20% | 📦 Stk: 10%<br>🎯 <b>Capa 8 (Elasticidad):</b> Mercado validó el precio (Retención: 75%). El experto defiende el valor comercial.<br>📉 <b>Capa 5:</b> Caída de rotación (Descuento dinámico a 0.90x para activar demanda).<br>"
7800068011337,BONAVID 50.000 UI X 4 CAPS BLANDAS (COLECACIFEROL),BIOEQUIVALENTE_MARCA,2025-06-01,255040,16,214320,62736,0.2927,15940,11274,15940,16,0.009499683343888538,False,0.2927227101631117,15790.0,0.65794806839772,0.18,25000.0,13748.780487804877,0.526358454718176,23802.810611328016,25486.520425142873,inf,15.0,15.0,253550.0,10.0,False,0.0,1.0,25486.520425142873,12401.400000000001,9.333333333333334,15790,1.7142857142857142,True,False,15790.0,13,0.0,0.6,0.1,0.2,0.1,17990.0,False,False,False,ALGORITMO_ESTRATEGICO,6716.0,37.331851028349085,"⚙️ <b>Algoritmo Estratégico</b><br>Costo: $11,274 | Piso Margen: 18.0%<br>📊 <b>Pesos:</b> 🧑‍💼 Hum: 0% | 🧠 Elast: 60% | 🏢 Estrat: 10% | 📈 Macr: 20% | 📦 Stk: 10%<br>🎯 <b>Capa 8 (Elasticidad):</b> Mercado validó el precio (Retención: 171%). El experto defiende el valor comercial.<br>"
7800068011337,BONAVID 50.000 UI X 4 CAPS BLANDAS (COLECACIFEROL),BIOEQUIVALENTE_MARCA,2025-07-01,271840,16,228435,70364,0.308,16990,11757,16990,16,0.06587202007528231,True,0.3080047086521483,16990.0,0.65794806839772,0.18,25000.0,14337.804878048779,0.526358454718176,24822.56912873723,25766.872149819443,inf,8.0,8.0,81296.0,2.0,False,1.2857142857142856,1.15,29631.902972292355,12932.7,10.0,16990,1.6,True,False,16990.0,0,1.0,0.0,0.0,0.0,0.0,16990.0,False,False,False,MANDATO_HUMANO,5233.0,30.80047086521483,"🛑 <b>Capa 0: Mandato Humano</b><br>El administrador fijó el precio a $16,990.<br>Inicio de medición de elasticidad para el nuevo ciclo."
7800068011337,BONAVID 50.000 UI X 4 CAPS BLANDAS (COLECACIFEROL),BIOEQUIVALENTE_MARCA,2025-08-01,254850,15,214156,66767,0.3118,16990,11693,16990,15,0.0,False,0.31177163037080635,16990.0,0.65794806839772,0.18,25000.0,14259.756097560974,0.526358454718176,24687.445846927312,24687.445846927312,inf,14.0,14.0,134590.0,1.0,True,0.0,1.0,24687.445846927312,12862.300000000001,10.0,16990,1.5,True,False,16990.0,1,0.8,0.11999999999999997,0.019999999999999997,0.039999999999999994,0.019999999999999997,16990.0,False,False,False,HIBRIDO_ORQUESTADO,5297.0,31.177163037080636,"⚖️ <b>Transición Híbrida</b><br>Costo: $11,693 | Piso Margen: 18.0%<br>📊 <b>Pesos:</b> 🧑‍💼 Hum: 80% | 🧠 Elast: 12% | 🏢 Estrat: 2% | 📈 Macr: 4% | 📦 Stk: 2%<br>🎯 <b>Capa 8 (Elasticidad):</b> Mercado validó el precio (Retención: 150%). El experto defiende el valor comercial.<br>"
7800068011337,BONAVID 50.000 UI X 4 CAPS BLANDAS (COLECACIFEROL),BIOEQUIVALENTE_MARCA,2025-09-01,220870,13,185601,57600,0.3103,16990,11717,16990,13,0.0,False,0.3103590347263096,16990.0,0.65794806839772,0.18,25000.0,14289.024390243902,0.526358454718176,24738.117077606028,24810.883076161947,inf,16.0,16.0,162150.0,4.0,True,-0.0625,1.0,24810.883076161947,12888.7,10.0,16990,1.3,True,False,16990.0,2,0.5,0.3,0.05,0.1,0.05,17990.0,False,False,True,HIBRIDO_ORQUESTADO,6273.0,34.86937187326292,"⚖️ <b>Transición Híbrida</b><br>Costo: $11,717 | Piso Margen: 18.0%<br>📊 <b>Pesos:</b> 🧑‍💼 Hum: 50% | 🧠 Elast: 30% | 🏢 Estrat: 5% | 📈 Macr: 10% | 📦 Stk: 5%<br>🎯 <b>Capa 8 (Elasticidad):</b> Mercado validó el precio (Retención: 130%). El experto defiende el valor comercial.<br>📦 <b>Capa 5:</b> Blindaje por Bajo Stock (Descuento suspendido para proteger margen).<br>🚥 <b>Capa 7:</b> Amortiguador Activo. Alza capada al 5% para proteger al cliente.<br>"
7800068011337,BONAVID 50.000 UI X 4 CAPS BLANDAS (COLECACIFEROL),BIOEQUIVALENTE_MARCA,2025-10-01,288830,17,242710,71703,0.2954,16990,11971,16990,17,0.0,False,0.29540906415538554,16990.0,0.65794806839772,0.18,25000.0,14598.780487804877,0.526358454718176,25274.387602289135,25274.387602289135,inf,8.0,8.0,135225.0,-5.0,True,-0.1333333333333333,1.0,25274.387602289135,13168.1,10.0,16990,1.7,True,False,16990.0,3,0.2,0.48,0.08000000000000002,0.16000000000000003,0.08000000000000002,18990.0,False,False,False,HIBRIDO_ORQUESTADO,7019.0,36.96155871511322,"⚖️ <b>Transición Híbrida</b><br>Costo: $11,971 | Piso Margen: 18.0%<br>📊 <b>Pesos:</b> 🧑‍💼 Hum: 20% | 🧠 Elast: 48% | 🏢 Estrat: 8% | 📈 Macr: 16% | 📦 Stk: 8%<br>🎯 <b>Capa 8 (Elasticidad):</b> Mercado validó el precio (Retención: 170%). El experto defiende el valor comercial.<br>📦 <b>Capa 5:</b> Blindaje por Bajo Stock (Descuento suspendido para proteger margen).<br>"
7800068011337,BONAVID 50.000 UI X 4 CAPS BLANDAS (COLECACIFEROL),BIOEQUIVALENTE_MARCA,2025-11-01,186890,11,157049,46427,0.2956,16990,11967,16990,11,0.0,False,0.29564449676280163,16990.0,0.65794806839772,0.18,25000.0,14593.902439024389,0.526358454718176,25265.942397176015,25602.95464111889,inf,17.0,17.0,275413.0,1.0,True,0.3076923076923077,1.0461538461538462,26784.629470708995,13163.7,10.0,16990,1.1,True,False,16990.0,4,0.0,0.6,0.1,0.2,0.1,18990.0,False,False,False,ALGORITMO_ESTRATEGICO,7023.0,36.9826224328594,"⚙️ <b>Algoritmo Estratégico</b><br>Costo: $11,967 | Piso Margen: 18.0%<br>📊 <b>Pesos:</b> 🧑‍💼 Hum: 0% | 🧠 Elast: 60% | 🏢 Estrat: 10% | 📈 Macr: 20% | 📦 Stk: 10%<br>🎯 <b>Capa 8 (Elasticidad):</b> Mercado validó el precio (Retención: 110%). El experto defiende el valor comercial.<br>📈 <b>Capa 5:</b> Aceleración de demanda (Captura de margen a 1.05x).<br>"
7800068011337,BONAVID 50.000 UI X 4 CAPS BLANDAS (COLECACIFEROL),BIOEQUIVALENTE_MARCA,2025-12-01,152910,9,128493,36995,0.2879,16990,12098,16990,9,0.0,False,0.2879340788699235,16990.0,0.65794806839772,0.18,25000.0,14753.658536585364,0.526358454718176,25542.522864630686,25679.763505042243,inf,6.0,6.0,62580.0,-2.0,True,-0.3529411764705882,1.0,25679.763505042243,13307.800000000001,10.0,16990,0.9,True,False,16990.0,5,0.0,0.6,0.1,0.2,0.1,18990.0,False,False,False,ALGORITMO_ESTRATEGICO,6892.0,36.29278567667193,"⚙️ <b>Algoritmo Estratégico</b><br>Costo: $12,098 | Piso Margen: 18.0%<br>📊 <b>Pesos:</b> 🧑‍💼 Hum: 0% | 🧠 Elast: 60% | 🏢 Estrat: 10% | 📈 Macr: 20% | 📦 Stk: 10%<br>🎯 <b>Capa 8 (Elasticidad):</b> Mercado validó el precio (Retención: 90%). El experto defiende el valor comercial.<br>📦 <b>Capa 5:</b> Blindaje por Bajo Stock (Descuento suspendido para proteger margen).<br>"
7800068011337,BONAVID 50.000 UI X 4 CAPS BLANDAS (COLECACIFEROL),BIOEQUIVALENTE_MARCA,2026-01-01,203880,12,171326,48891,0.2854,16990,12142,16990,12,0.0,False,0.2853443201883461,16990.0,0.65794806839772,0.18,25000.0,14807.31707317073,0.526358454718176,25635.420120875002,26013.60043060779,inf,13.0,13.0,133450.0,-1.0,True,-0.18181818181818177,1.0,26013.60043060779,13356.2,10.0,16990,1.2,True,False,16990.0,6,0.0,0.6,0.1,0.2,0.1,18990.0,False,False,False,ALGORITMO_ESTRATEGICO,6848.0,36.061084781463926,"⚙️ <b>Algoritmo Estratégico</b><br>Costo: $12,142 | Piso Margen: 18.0%<br>📊 <b>Pesos:</b> 🧑‍💼 Hum: 0% | 🧠 Elast: 60% | 🏢 Estrat: 10% | 📈 Macr: 20% | 📦 Stk: 10%<br>🎯 <b>Capa 8 (Elasticidad):</b> Mercado validó el precio (Retención: 120%). El experto defiende el valor comercial.<br>📦 <b>Capa 5:</b> Blindaje por Bajo Stock (Descuento suspendido para proteger margen).<br>"
7800068011337,BONAVID 50.000 UI X 4 CAPS BLANDAS (COLECACIFEROL),BIOEQUIVALENTE_MARCA,2026-02-01,288830,17,242712,65732,0.2708,16990,12389,16990,17,0.0,False,0.27080635668040026,16990.0,0.65794806839772,0.18,25000.0,15108.536585365853,0.526358454718176,26156.911536610147,26403.8044370669,inf,25.0,25.0,265050.0,7.0,True,0.33333333333333326,1.05,27723.99465892025,13627.900000000001,10.0,16990,1.7,True,False,16990.0,7,0.0,0.6,0.1,0.2,0.1,19990.0,False,False,False,ALGORITMO_ESTRATEGICO,7601.0,38.024012006003,"⚙️ <b>Algoritmo Estratégico</b><br>Costo: $12,389 | Piso Margen: 18.0%<br>📊 <b>Pesos:</b> 🧑‍💼 Hum: 0% | 🧠 Elast: 60% | 🏢 Estrat: 10% | 📈 Macr: 20% | 📦 Stk: 10%<br>🎯 <b>Capa 8 (Elasticidad):</b> Mercado validó el precio (Retención: 170%). El experto defiende el valor comercial.<br>📈 <b>Capa 5:</b> Aceleración de demanda (Captura de margen a 1.05x).<br>"
7800068011337,BONAVID 50.000 UI X 4 CAPS BLANDAS (COLECACIFEROL),BIOEQUIVALENTE_MARCA,2026-03-01,271840,16,228433,62558,0.2739,16990,12337,16990,16,0.0,False,0.2738669805768099,16990.0,0.65794806839772,0.18,25000.0,15045.121951219511,0.526358454718176,26047.123870139592,26166.1701971333,inf,27.0,27.0,279725.0,18.0,False,0.41666666666666674,1.0625,27801.55583445413,13570.7,10.0,16990,1.6,True,False,16990.0,8,0.0,0.6,0.1,0.2,0.1,19990.0,False,False,False,ALGORITMO_ESTRATEGICO,7653.0,38.28414207103552,"⚙️ <b>Algoritmo Estratégico</b><br>Costo: $12,337 | Piso Margen: 18.0%<br>📊 <b>Pesos:</b> 🧑‍💼 Hum: 0% | 🧠 Elast: 60% | 🏢 Estrat: 10% | 📈 Macr: 20% | 📦 Stk: 10%<br>🎯 <b>Capa 8 (Elasticidad):</b> Mercado validó el precio (Retención: 160%). El experto defiende el valor comercial.<br>📈 <b>Capa 5:</b> Aceleración de demanda (Captura de margen a 1.06x).<br>"
7800068011337,BONAVID 50.000 UI X 4 CAPS BLANDAS (COLECACIFEROL),BIOEQUIVALENTE_MARCA,2026-04-01,305820,18,256988,69223,0.2694,16990,12414,16990,18,0.0,False,0.26933490288404943,16990.0,0.65794806839772,0.18,25000.0,15139.024390243902,0.526358454718176,26209.694068567147,26453.99806930176,inf,17.0,17.0,177400.0,17.0,False,-0.05882352941176472,1.0,26453.99806930176,13655.400000000001,10.0,16990,1.8,True,False,16990.0,9,0.0,0.6,0.1,0.2,0.1,19990.0,False,False,False,ALGORITMO_ESTRATEGICO,7576.0,37.89894947473737,"⚙️ <b>Algoritmo Estratégico</b><br>Costo: $12,414 | Piso Margen: 18.0%<br>📊 <b>Pesos:</b> 🧑‍💼 Hum: 0% | 🧠 Elast: 60% | 🏢 Estrat: 10% | 📈 Macr: 20% | 📦 Stk: 10%<br>🎯 <b>Capa 8 (Elasticidad):</b> Mercado validó el precio (Retención: 180%). El experto defiende el valor comercial.<br>"
7800068011337,BONAVID 50.000 UI X 4 CAPS BLANDAS (COLECACIFEROL),BIOEQUIVALENTE_MARCA,2026-05-01,186890,11,157048,41898,0.2668,16990,12457,16990,11,0.0,False,0.26680400235432605,16990.0,0.65794806839772,0.18,25000.0,15191.463414634145,0.526358454718176,26300.480023533182,26401.090073163155,inf,10.0,10.0,105925.0,16.0,False,0.125,1.01875,26896.110512034968,13702.7,10.0,16990,1.1,True,False,16990.0,10,0.0,0.6,0.1,0.2,0.1,19990.0,False,False,False,ALGORITMO_ESTRATEGICO,7533.0,37.68384192096048,"⚙️ <b>Algoritmo Estratégico</b><br>Costo: $12,457 | Piso Margen: 18.0%<br>📊 <b>Pesos:</b> 🧑‍💼 Hum: 0% | 🧠 Elast: 60% | 🏢 Estrat: 10% | 📈 Macr: 20% | 📦 Stk: 10%<br>🎯 <b>Capa 8 (Elasticidad):</b> Mercado validó el precio (Retención: 110%). El experto defiende el valor comercial.<br>📈 <b>Capa 5:</b> Aceleración de demanda (Captura de margen a 1.02x).<br>"
7800068011337,BONAVID 50.000 UI X 4 CAPS BLANDAS (COLECACIFEROL),BIOEQUIVALENTE_MARCA,2026-06-01,288830,17,242711,65804,0.2711,16990,12384,16990,17,0.0,False,0.2711006474396704,16990.0,0.65794806839772,0.18,25000.0,15102.439024390244,0.526358454718176,26146.355030218747,26823.507514333767,inf,25.0,25.0,254025.0,24.0,False,-0.38888888888888884,0.9416666666666667,25258.802909330963,13622.400000000001,10.0,16990,1.7,True,False,16990.0,11,0.0,0.6,0.1,0.2,0.1,19990.0,False,False,False,ALGORITMO_ESTRATEGICO,7606.0,38.04902451225613,"⚙️ <b>Algoritmo Estratégico</b><br>Costo: $12,384 | Piso Margen: 18.0%<br>📊 <b>Pesos:</b> 🧑‍💼 Hum: 0% | 🧠 Elast: 60% | 🏢 Estrat: 10% | 📈 Macr: 20% | 📦 Stk: 10%<br>🎯 <b>Capa 8 (Elasticidad):</b> Mercado validó el precio (Retención: 170%). El experto defiende el valor comercial.<br>📉 <b>Capa 5:</b> Caída de rotación (Descuento dinámico a 0.94x para activar demanda).<br>"
7800068011337,BONAVID 50.000 UI X 4 CAPS BLANDAS (COLECACIFEROL),BIOEQUIVALENTE_MARCA,2026-07-01,492710,29,414036,123528,0.2984,16990,11921,16990,29,0.0,False,0.2983519717480871,16990.0,0.65794806839772,0.18,25000.0,14537.804878048779,0.526358454718176,25168.822538375138,26823.507514333767,inf,24.0,24.0,222960.0,19.0,False,0.5454545454545454,1.0818181818181818,29018.158129142892,13113.1,10.0,16990,2.9,True,False,16990.0,12,0.0,0.6,0.1,0.2,0.1,19990.0,False,False,False,ALGORITMO_ESTRATEGICO,8069.0,40.36518259129564,"⚙️ <b>Algoritmo Estratégico</b><br>Costo: $11,921 | Piso Margen: 18.0%<br>📊 <b>Pesos:</b> 🧑‍💼 Hum: 0% | 🧠 Elast: 60% | 🏢 Estrat: 10% | 📈 Macr: 20% | 📦 Stk: 10%<br>🎯 <b>Capa 8 (Elasticidad):</b> Mercado validó el precio (Retención: 290%). El experto defiende el valor comercial.<br>📈 <b>Capa 5:</b> Aceleración de demanda (Captura de margen a 1.08x).<br>"
7800068011337,BONAVID 50.000 UI X 4 CAPS BLANDAS (COLECACIFEROL),BIOEQUIVALENTE_MARCA,2026-08-01,322810,19,271263,89123,0.3285,16990,11408,16990,19,0.0,False,0.3285462036492054,16990.0,0.65794806839772,0.18,25000.0,13912.19512195122,0.526358454718176,24085.72498261753,26823.507514333767,inf,20.0,20.0,210180.0,20.0,False,0.7058823529411764,1.1058823529411765,29663.643604086756,12548.800000000001,10.0,16990,1.9,True,False,16990.0,13,0.0,0.6,0.1,0.2,0.1,19990.0,False,False,False,ALGORITMO_ESTRATEGICO,8582.0,42.93146573286643,"⚙️ <b>Algoritmo Estratégico</b><br>Costo: $11,408 | Piso Margen: 18.0%<br>📊 <b>Pesos:</b> 🧑‍💼 Hum: 0% | 🧠 Elast: 60% | 🏢 Estrat: 10% | 📈 Macr: 20% | 📦 Stk: 10%<br>🎯 <b>Capa 8 (Elasticidad):</b> Mercado validó el precio (Retención: 190%). El experto defiende el valor comercial.<br>📈 <b>Capa 5:</b> Aceleración de demanda (Captura de margen a 1.11x).<br>"
7800068011337,BONAVID 50.000 UI X 4 CAPS BLANDAS (COLECACIFEROL),BIOEQUIVALENTE_MARCA,2026-09-01,16990,1,14277,3980,0.2788,16990,12254,16990,1,0.0,False,0.27875220718069454,16990.0,0.65794806839772,0.18,25000.0,14943.902439024389,0.526358454718176,25871.885864042357,26823.507514333767,inf,8.0,8.0,80800.0,27.0,False,-0.3448275862068966,1.0,26823.507514333767,13479.400000000001,10.0,16990,0.1,False,True,25871.885864042357,14,0.0,0.1,0.4,0.3,0.2,20990.0,False,False,True,ALGORITMO_ESTRATEGICO,8736.0,41.619818961410196,"⚙️ <b>Algoritmo Estratégico</b><br>Costo: $12,254 | Piso Margen: 18.0%<br>📊 <b>Pesos:</b> 🧑‍💼 Hum: 0% | 🧠 Elast: 10% | 🏢 Estrat: 40% | 📈 Macr: 30% | 📦 Stk: 20%<br>⚠️ <b>Capa 8 (Elasticidad):</b> Rechazo de mercado detectado (Retención: 10%). Se prioriza recuperar volumen.<br>🚥 <b>Capa 7:</b> Amortiguador Activo. Alza capada al 5% para proteger al cliente.<br>"
902175,CARISTOP PASTA 5000 PPM X 51 GR,NICHO,2023-11-01,149910,19,125972,92513,0.7344,7890,2096,7890,19,0.0,True,0.7343472750316857,7890.0,0.7343472750316857,0.4,10000.0,3493.3333333333335,0.5874778200253487,7890.0,7890.0,inf,0.0,,,-19.0,True,0.0,1.0,7890.0,2305.6000000000004,19.0,7890,1.0,True,False,7890.0,0,1.0,0.0,0.0,0.0,0.0,7890.0,False,False,False,MANDATO_HUMANO,5794.0,73.43472750316857,"🛑 <b>Capa 0: Mandato Humano</b><br>El administrador fijó el precio a $7,890.<br>Inicio de medición de elasticidad para el nuevo ciclo."
902175,CARISTOP PASTA 5000 PPM X 51 GR,NICHO,2023-12-01,77322,10,64974,47364,0.729,7732,2096,7732,10,0.02002534854245881,False,0.7289187790998448,7890.0,0.7343472750316857,0.4,10000.0,3493.3333333333335,0.5874778200253487,7890.0,7890.0,inf,0.0,,,-29.0,True,0.0,1.0,7890.0,2305.6000000000004,19.0,7890,0.5263157894736842,False,True,7890.0,1,0.8,0.019999999999999997,0.07999999999999999,0.059999999999999984,0.039999999999999994,7990.0,False,False,False,HIBRIDO_ORQUESTADO,5894.0,73.76720901126407,"⚖️ <b>Transición Híbrida</b><br>Costo: $2,096 | Piso Margen: 40.0%<br>📊 <b>Pesos:</b> 🧑‍💼 Hum: 80% | 🧠 Elast: 2% | 🏢 Estrat: 8% | 📈 Macr: 6% | 📦 Stk: 4%<br>⚠️ <b>Capa 8 (Elasticidad):</b> Rechazo de mercado detectado (Retención: 53%). Se prioriza recuperar volumen.<br>"
902175,CARISTOP PASTA 5000 PPM X 51 GR,NICHO,2024-01-01,63120,8,53040,38952,0.7344,7890,2096,7890,8,0.020434557682359026,False,0.7343472750316857,7890.0,0.7343472750316857,0.4,10000.0,3493.3333333333335,0.5874778200253487,7890.0,7890.0,inf,0.0,,,-37.0,True,-0.4736842105263158,1.0,7890.0,2305.6000000000004,19.0,7890,0.42105263157894735,False,True,7890.0,2,0.5,0.05,0.2,0.15,0.1,6990.0,False,False,False,HIBRIDO_ORQUESTADO,4894.0,70.01430615164521,"⚖️ <b>Transición Híbrida</b><br>Costo: $2,096 | Piso Margen: 40.0%<br>📊 <b>Pesos:</b> 🧑‍💼 Hum: 50% | 🧠 Elast: 5% | 🏢 Estrat: 20% | 📈 Macr: 15% | 📦 Stk: 10%<br>⚠️ <b>Capa 8 (Elasticidad):</b> Rechazo de mercado detectado (Retención: 42%). Se prioriza recuperar volumen.<br>📦 <b>Capa 5:</b> Blindaje por Bajo Stock (Descuento suspendido para proteger margen).<br>"
902175,CARISTOP PASTA 5000 PPM X 51 GR,NICHO,2024-02-01,131763,17,110721,80784,0.7296,7751,2096,7751,17,0.01761723700887199,False,0.7295832795768288,7890.0,0.7343472750316857,0.4,10000.0,3493.3333333333335,0.5874778200253487,7890.0,7929.449999999999,inf,0.0,,,-54.0,True,-0.19999999999999996,1.0,7929.449999999999,2305.6000000000004,19.0,7890,0.8947368421052632,True,False,7890.0,3,0.2,0.48,0.08000000000000002,0.16000000000000003,0.08000000000000002,6990.0,False,False,True,HIBRIDO_ORQUESTADO,4894.0,70.01430615164521,"⚖️ <b>Transición Híbrida</b><br>Costo: $2,096 | Piso Margen: 40.0%<br>📊 <b>Pesos:</b> 🧑‍💼 Hum: 20% | 🧠 Elast: 48% | 🏢 Estrat: 8% | 📈 Macr: 16% | 📦 Stk: 8%<br>🎯 <b>Capa 8 (Elasticidad):</b> Mercado validó el precio (Retención: 89%). El experto defiende el valor comercial.<br>📦 <b>Capa 5:</b> Blindaje por Bajo Stock (Descuento suspendido para proteger margen).<br>🚥 <b>Capa 7:</b> Amortiguador Activo. Alza capada al 5% para proteger al cliente.<br>"
902175,CARISTOP PASTA 5000 PPM X 51 GR,NICHO,2024-03-01,157800,20,132602,97382,0.7344,7890,2096,7890,20,0.01793316991355954,False,0.7343472750316857,7890.0,0.7343472750316857,0.4,10000.0,3493.3333333333335,0.5874778200253487,7890.0,8088.038999999999,inf,0.0,,,-74.0,True,1.125,1.15,9301.244849999997,2305.6000000000004,19.0,7890,1.0526315789473684,True,False,7890.0,4,0.0,0.6,0.1,0.2,0.1,6990.0,False,False,True,ALGORITMO_ESTRATEGICO,4894.0,70.01430615164521,"⚙️ <b>Algoritmo Estratégico</b><br>Costo: $2,096 | Piso Margen: 40.0%<br>📊 <b>Pesos:</b> 🧑‍💼 Hum: 0% | 🧠 Elast: 60% | 🏢 Estrat: 10% | 📈 Macr: 20% | 📦 Stk: 10%<br>🎯 <b>Capa 8 (Elasticidad):</b> Mercado validó el precio (Retención: 105%). El experto defiende el valor comercial.<br>📈 <b>Capa 5:</b> Aceleración de demanda (Captura de margen a 1.15x).<br>🚥 <b>Capa 7:</b> Amortiguador Activo. Alza capada al 5% para proteger al cliente.<br>"
902175,CARISTOP PASTA 5000 PPM X 51 GR,NICHO,2024-04-01,116772,15,98124,71709,0.7308,7785,2096,7785,15,0.013307984790874524,False,0.7307642903018625,7890.0,0.7343472750316857,0.4,10000.0,3493.3333333333335,0.5874778200253487,7890.0,8136.567233999999,inf,0.0,,,-89.0,True,0.17647058823529416,1.026470588235294,8351.946954899999,2305.6000000000004,19.0,7890,0.7894736842105263,True,False,7890.0,5,0.0,0.6,0.1,0.2,0.1,6990.0,False,False,True,ALGORITMO_ESTRATEGICO,4894.0,70.01430615164521,"⚙️ <b>Algoritmo Estratégico</b><br>Costo: $2,096 | Piso Margen: 40.0%<br>📊 <b>Pesos:</b> 🧑‍💼 Hum: 0% | 🧠 Elast: 60% | 🏢 Estrat: 10% | 📈 Macr: 20% | 📦 Stk: 10%<br>🎯 <b>Capa 8 (Elasticidad):</b> Mercado validó el precio (Retención: 79%). El experto defiende el valor comercial.<br>📈 <b>Capa 5:</b> Aceleración de demanda (Captura de margen a 1.03x).<br>🚥 <b>Capa 7:</b> Amortiguador Activo. Alza capada al 5% para proteger al cliente.<br>"
902175,CARISTOP PASTA 5000 PPM X 51 GR,NICHO,2024-05-01,134130,17,112711,82774,0.7344,7890,2096,7890,17,0.01348747591522158,False,0.7343472750316857,7890.0,0.7343472750316857,0.4,10000.0,3493.3333333333335,0.5874778200253487,7890.0,8136.567233999999,inf,0.0,,,-106.0,True,-0.25,1.0,8136.567233999999,2305.6000000000004,19.0,7890,0.8947368421052632,True,False,7890.0,6,0.0,0.6,0.1,0.2,0.1,6990.0,False,False,True,ALGORITMO_ESTRATEGICO,4894.0,70.01430615164521,"⚙️ <b>Algoritmo Estratégico</b><br>Costo: $2,096 | Piso Margen: 40.0%<br>📊 <b>Pesos:</b> 🧑‍💼 Hum: 0% | 🧠 Elast: 60% | 🏢 Estrat: 10% | 📈 Macr: 20% | 📦 Stk: 10%<br>🎯 <b>Capa 8 (Elasticidad):</b> Mercado validó el precio (Retención: 89%). El experto defiende el valor comercial.<br>📦 <b>Capa 5:</b> Blindaje por Bajo Stock (Descuento suspendido para proteger margen).<br>🚥 <b>Capa 7:</b> Amortiguador Activo. Alza capada al 5% para proteger al cliente.<br>"
902175,CARISTOP PASTA 5000 PPM X 51 GR,NICHO,2024-06-01,173580,22,145861,89552,0.614,7890,3046,7890,22,0.0,False,0.6139416983523447,7890.0,0.7343472750316857,0.4,10000.0,5076.666666666667,0.5874778200253487,7890.0,8144.703801233998,inf,15.0,15.0,71130.0,-113.0,True,0.1333333333333333,1.02,8307.597877258679,3350.6000000000004,19.0,7890,1.1578947368421053,True,False,7890.0,7,0.0,0.6,0.1,0.2,0.1,6990.0,False,False,True,ALGORITMO_ESTRATEGICO,3944.0,56.42346208869814,"⚙️ <b>Algoritmo Estratégico</b><br>Costo: $3,046 | Piso Margen: 40.0%<br>📊 <b>Pesos:</b> 🧑‍💼 Hum: 0% | 🧠 Elast: 60% | 🏢 Estrat: 10% | 📈 Macr: 20% | 📦 Stk: 10%<br>🎯 <b>Capa 8 (Elasticidad):</b> Mercado validó el precio (Retención: 116%). El experto defiende el valor comercial.<br>📈 <b>Capa 5:</b> Aceleración de demanda (Captura de margen a 1.02x).<br>🚥 <b>Capa 7:</b> Amortiguador Activo. Alza capada al 5% para proteger al cliente.<br>"
902175,CARISTOP PASTA 5000 PPM X 51 GR,NICHO,2024-07-01,134130,17,112712,55627,0.4935,7890,3996,7890,17,0.0,False,0.4935361216730038,7890.0,0.7343472750316857,0.4,10000.0,6660.0,0.5874778200253487,9686.751874155096,9686.751874155096,inf,0.0,,,-130.0,True,0.2941176470588236,1.0441176470588236,10114.108574485468,4395.6,19.0,7890,0.8947368421052632,True,False,7890.0,8,0.0,0.6,0.1,0.2,0.1,6990.0,False,False,True,ALGORITMO_ESTRATEGICO,2994.0,42.832618025751074,"⚙️ <b>Algoritmo Estratégico</b><br>Costo: $3,996 | Piso Margen: 40.0%<br>📊 <b>Pesos:</b> 🧑‍💼 Hum: 0% | 🧠 Elast: 60% | 🏢 Estrat: 10% | 📈 Macr: 20% | 📦 Stk: 10%<br>🎯 <b>Capa 8 (Elasticidad):</b> Mercado validó el precio (Retención: 89%). El experto defiende el valor comercial.<br>📈 <b>Capa 5:</b> Aceleración de demanda (Captura de margen a 1.04x).<br>🚥 <b>Capa 7:</b> Amortiguador Activo. Alza capada al 5% para proteger al cliente.<br>"
902175,CARISTOP PASTA 5000 PPM X 51 GR,NICHO,2024-09-01,31560,4,26520,8800,0.3318,7890,5272,7890,4,0.0,False,0.3318124207858048,7890.0,0.7343472750316857,0.4,10000.0,8786.666666666668,0.5874778200253487,12779.918889025443,12779.918889025443,inf,36.0,36.0,159480.0,-98.0,True,-0.2272727272727273,1.0,12779.918889025443,5799.200000000001,19.0,7890,0.21052631578947367,False,True,12779.918889025443,9,0.0,0.1,0.4,0.3,0.2,6990.0,False,False,True,ALGORITMO_ESTRATEGICO,1718.0,24.577968526466382,"⚙️ <b>Algoritmo Estratégico</b><br>Costo: $5,272 | Piso Margen: 40.0%<br>📊 <b>Pesos:</b> 🧑‍💼 Hum: 0% | 🧠 Elast: 10% | 🏢 Estrat: 40% | 📈 Macr: 30% | 📦 Stk: 20%<br>⚠️ <b>Capa 8 (Elasticidad):</b> Rechazo de mercado detectado (Retención: 21%). Se prioriza recuperar volumen.<br>📦 <b>Capa 5:</b> Blindaje por Bajo Stock (Descuento suspendido para proteger margen).<br>🚥 <b>Capa 7:</b> Amortiguador Activo. Alza capada al 5% para proteger al cliente.<br>"
902175,CARISTOP PASTA 5000 PPM X 51 GR,NICHO,2024-10-01,118350,15,99452,33002,0.3318,7890,5272,7890,15,0.0,False,0.3318124207858048,7890.0,0.7343472750316857,0.4,10000.0,8786.666666666668,0.5874778200253487,12779.918889025443,12920.497996804721,inf,0.0,,,-113.0,True,-0.7647058823529411,1.0,12920.497996804721,5799.200000000001,19.0,7890,0.7894736842105263,True,False,7890.0,10,0.0,0.6,0.1,0.2,0.1,6990.0,False,False,True,ALGORITMO_ESTRATEGICO,1718.0,24.577968526466382,"⚙️ <b>Algoritmo Estratégico</b><br>Costo: $5,272 | Piso Margen: 40.0%<br>📊 <b>Pesos:</b> 🧑‍💼 Hum: 0% | 🧠 Elast: 60% | 🏢 Estrat: 10% | 📈 Macr: 20% | 📦 Stk: 10%<br>🎯 <b>Capa 8 (Elasticidad):</b> Mercado validó el precio (Retención: 79%). El experto defiende el valor comercial.<br>📦 <b>Capa 5:</b> Blindaje por Bajo Stock (Descuento suspendido para proteger margen).<br>🚥 <b>Capa 7:</b> Amortiguador Activo. Alza capada al 5% para proteger al cliente.<br>"
902175,CARISTOP PASTA 5000 PPM X 51 GR,NICHO,2024-11-01,126240,16,106082,34473,0.325,7890,5326,7890,16,0.0,False,0.32496831432192647,7890.0,0.7343472750316857,0.4,10000.0,8876.666666666668,0.5874778200253487,12910.82094137889,12972.17998879194,inf,22.0,22.0,100980.0,-107.0,True,2.75,1.15,14918.00698711073,5858.6,19.0,7890,0.8421052631578947,True,False,7890.0,11,0.0,0.6,0.1,0.2,0.1,6990.0,False,False,True,ALGORITMO_ESTRATEGICO,1664.0,23.80543633762518,"⚙️ <b>Algoritmo Estratégico</b><br>Costo: $5,326 | Piso Margen: 40.0%<br>📊 <b>Pesos:</b> 🧑‍💼 Hum: 0% | 🧠 Elast: 60% | 🏢 Estrat: 10% | 📈 Macr: 20% | 📦 Stk: 10%<br>🎯 <b>Capa 8 (Elasticidad):</b> Mercado validó el precio (Retención: 84%). El experto defiende el valor comercial.<br>📈 <b>Capa 5:</b> Aceleración de demanda (Captura de margen a 1.15x).<br>🚥 <b>Capa 7:</b> Amortiguador Activo. Alza capada al 5% para proteger al cliente.<br>"
902175,CARISTOP PASTA 5000 PPM X 51 GR,NICHO,2024-12-01,118350,15,99450,31206,0.3138,7890,5414,7890,15,0.0,False,0.3138149556400507,7890.0,0.7343472750316857,0.4,10000.0,9023.333333333334,0.5874778200253487,13124.142804473397,13124.142804473397,inf,0.0,0.0,91800.0,-122.0,True,0.06666666666666665,1.0,13124.142804473397,5955.400000000001,19.0,7890,0.7894736842105263,True,False,7890.0,12,0.0,0.6,0.1,0.2,0.1,6990.0,False,False,True,ALGORITMO_ESTRATEGICO,1576.0,22.546494992846924,"⚙️ <b>Algoritmo Estratégico</b><br>Costo: $5,414 | Piso Margen: 40.0%<br>📊 <b>Pesos:</b> 🧑‍💼 Hum: 0% | 🧠 Elast: 60% | 🏢 Estrat: 10% | 📈 Macr: 20% | 📦 Stk: 10%<br>🎯 <b>Capa 8 (Elasticidad):</b> Mercado validó el precio (Retención: 79%). El experto defiende el valor comercial.<br>🚥 <b>Capa 7:</b> Amortiguador Activo. Alza capada al 5% para proteger al cliente.<br>"
902175,CARISTOP PASTA 5000 PPM X 51 GR,NICHO,2025-01-01,134130,17,112710,35290,0.3131,7890,5420,7890,17,0.0,False,0.31305449936628643,7890.0,0.7343472750316857,0.4,10000.0,9033.333333333334,0.5874778200253487,13138.687476957113,13373.50151775839,inf,31.0,31.0,213248.0,-108.0,True,-0.0625,1.0,13373.50151775839,5962.000000000001,19.0,7890,0.8947368421052632,True,False,7890.0,13,0.0,0.6,0.1,0.2,0.1,6990.0,False,False,True,ALGORITMO_ESTRATEGICO,1570.0,22.46065808297568,"⚙️ <b>Algoritmo Estratégico</b><br>Costo: $5,420 | Piso Margen: 40.0%<br>📊 <b>Pesos:</b> 🧑‍💼 Hum: 0% | 🧠 Elast: 60% | 🏢 Estrat: 10% | 📈 Macr: 20% | 📦 Stk: 10%<br>🎯 <b>Capa 8 (Elasticidad):</b> Mercado validó el precio (Retención: 89%). El experto defiende el valor comercial.<br>📦 <b>Capa 5:</b> Blindaje por Bajo Stock (Descuento suspendido para proteger margen).<br>🚥 <b>Capa 7:</b> Amortiguador Activo. Alza capada al 5% para proteger al cliente.<br>"
902175,CARISTOP PASTA 5000 PPM X 51 GR,NICHO,2025-02-01,118350,15,99450,31139,0.3131,7890,5420,7890,15,0.0,False,0.31305449936628643,7890.0,0.7343472750316857,0.4,10000.0,9033.333333333334,0.5874778200253487,13138.687476957113,13413.622022311663,inf,1.0,1.0,115884.0,-122.0,True,0.1333333333333333,1.02,13681.894462757897,5962.000000000001,19.0,7890,0.7894736842105263,True,False,7890.0,14,0.0,0.6,0.1,0.2,0.1,6990.0,False,False,True,ALGORITMO_ESTRATEGICO,1570.0,22.46065808297568,"⚙️ <b>Algoritmo Estratégico</b><br>Costo: $5,420 | Piso Margen: 40.0%<br>📊 <b>Pesos:</b> 🧑‍💼 Hum: 0% | 🧠 Elast: 60% | 🏢 Estrat: 10% | 📈 Macr: 20% | 📦 Stk: 10%<br>🎯 <b>Capa 8 (Elasticidad):</b> Mercado validó el precio (Retención: 79%). El experto defiende el valor comercial.<br>📈 <b>Capa 5:</b> Aceleración de demanda (Captura de margen a 1.02x).<br>🚥 <b>Capa 7:</b> Amortiguador Activo. Alza capada al 5% para proteger al cliente.<br>"
902175,CARISTOP PASTA 5000 PPM X 51 GR,NICHO,2025-03-01,138640,20,116501,25419,0.2182,6932,5420,6932,20,0.12141951837769328,True,0.2181188690132718,6932.0,0.7343472750316857,0.4,10000.0,9033.333333333334,0.5874778200253487,13138.687476957113,13427.035644333973,inf,57.0,57.0,100623.0,-85.0,True,-0.11764705882352944,1.0,13427.035644333973,5962.000000000001,15.666666666666666,6932,1.2765957446808511,True,False,6932.0,0,1.0,0.0,0.0,0.0,0.0,6932.0,False,False,False,MANDATO_HUMANO,1512.0,21.811886901327178,"🛑 <b>Capa 0: Mandato Humano</b><br>El administrador fijó el precio a $6,932.<br>Inicio de medición de elasticidad para el nuevo ciclo."
902175,CARISTOP PASTA 5000 PPM X 51 GR,NICHO,2025-04-01,251730,37,211538,43037,0.2034,6804,5419,6804,37,0.018465089440276975,False,0.2035567313345091,6932.0,0.7343472750316857,0.4,10000.0,9031.666666666668,0.5874778200253487,13136.263364876493,13136.263364876493,inf,15.0,15.0,73350.0,-107.0,True,0.33333333333333326,1.05,13793.076533120318,5960.900000000001,15.666666666666666,6932,2.3617021276595747,True,False,6932.0,1,0.8,0.11999999999999997,0.019999999999999997,0.039999999999999994,0.019999999999999997,6990.0,False,False,True,HIBRIDO_ORQUESTADO,1571.0,22.474964234620888,"⚖️ <b>Transición Híbrida</b><br>Costo: $5,419 | Piso Margen: 40.0%<br>📊 <b>Pesos:</b> 🧑‍💼 Hum: 80% | 🧠 Elast: 12% | 🏢 Estrat: 2% | 📈 Macr: 4% | 📦 Stk: 2%<br>🎯 <b>Capa 8 (Elasticidad):</b> Mercado validó el precio (Retención: 236%). El experto defiende el valor comercial.<br>📈 <b>Capa 5:</b> Aceleración de demanda (Captura de margen a 1.05x).<br>🚥 <b>Capa 7:</b> Amortiguador Activo. Alza capada al 5% para proteger al cliente.<br>"
902175,CARISTOP PASTA 5000 PPM X 51 GR,NICHO,2025-05-01,107880,12,90660,36011,0.3972,8990,5419,8990,12,0.3212815990593768,True,0.39721913236929923,8990.0,0.7343472750316857,0.4,10000.0,9031.666666666668,0.5874778200253487,13136.263364876493,13136.263364876493,inf,10.0,10.0,47500.0,-109.0,True,0.8500000000000001,1.1275,14811.136943898246,5960.900000000001,24.0,8990,0.5,False,True,13136.263364876493,0,1.0,0.0,0.0,0.0,0.0,8990.0,False,False,False,MANDATO_HUMANO,3571.0,39.72191323692992,"🛑 <b>Capa 0: Mandato Humano</b><br>El administrador fijó el precio a $8,990.<br>Inicio de medición de elasticidad para el nuevo ciclo."
902175,CARISTOP PASTA 5000 PPM X 51 GR,NICHO,2025-06-01,125860,14,105770,42013,0.3972,8990,5419,8990,14,0.0,False,0.39721913236929923,8990.0,0.7343472750316857,0.4,10000.0,9031.666666666668,0.5874778200253487,13136.263364876493,13136.263364876493,inf,20.0,20.0,96950.0,-103.0,True,-0.6756756756756757,1.0,13136.263364876493,5960.900000000001,24.0,8990,0.5833333333333334,False,True,13136.263364876493,1,0.8,0.019999999999999997,0.07999999999999999,0.059999999999999984,0.039999999999999994,8990.0,False,False,True,HIBRIDO_ORQUESTADO,3571.0,39.72191323692992,"⚖️ <b>Transición Híbrida</b><br>Costo: $5,419 | Piso Margen: 40.0%<br>📊 <b>Pesos:</b> 🧑‍💼 Hum: 80% | 🧠 Elast: 2% | 🏢 Estrat: 8% | 📈 Macr: 6% | 📦 Stk: 4%<br>⚠️ <b>Capa 8 (Elasticidad):</b> Rechazo de mercado detectado (Retención: 58%). Se prioriza recuperar volumen.<br>📦 <b>Capa 5:</b> Blindaje por Bajo Stock (Descuento suspendido para proteger margen).<br>🚥 <b>Capa 7:</b> Amortiguador Activo. Alza capada al 5% para proteger al cliente.<br>"
902175,CARISTOP PASTA 5000 PPM X 51 GR,NICHO,2025-07-01,134850,15,113325,45014,0.3972,8990,5419,8990,15,0.0,False,0.39721913236929923,8990.0,0.7343472750316857,0.4,10000.0,9031.666666666668,0.5874778200253487,13136.263364876493,13280.762261890133,inf,10.0,10.0,48900.0,-108.0,True,0.16666666666666674,1.025,13612.781318437386,5960.900000000001,24.0,8990,0.625,False,True,13136.263364876493,2,0.5,0.05,0.2,0.15,0.1,8990.0,False,False,True,HIBRIDO_ORQUESTADO,3571.0,39.72191323692992,"⚖️ <b>Transición Híbrida</b><br>Costo: $5,419 | Piso Margen: 40.0%<br>📊 <b>Pesos:</b> 🧑‍💼 Hum: 50% | 🧠 Elast: 5% | 🏢 Estrat: 20% | 📈 Macr: 15% | 📦 Stk: 10%<br>⚠️ <b>Capa 8 (Elasticidad):</b> Rechazo de mercado detectado (Retención: 62%). Se prioriza recuperar volumen.<br>📈 <b>Capa 5:</b> Aceleración de demanda (Captura de margen a 1.02x).<br>🚥 <b>Capa 7:</b> Amortiguador Activo. Alza capada al 5% para proteger al cliente.<br>"
902175,CARISTOP PASTA 5000 PPM X 51 GR,NICHO,2025-08-01,143840,16,120878,48013,0.3972,8990,5419,8990,16,0.0,False,0.39721913236929923,8990.0,0.7343472750316857,0.4,10000.0,9031.666666666668,0.5874778200253487,13136.263364876493,13320.604548675803,inf,12.0,12.0,57540.0,-112.0,True,0.0714285714285714,1.0,13320.604548675803,5960.900000000001,24.0,8990,0.6666666666666666,False,True,13136.263364876493,3,0.2,0.08000000000000002,0.32000000000000006,0.24,0.16000000000000003,8990.0,False,False,True,HIBRIDO_ORQUESTADO,3571.0,39.72191323692992,"⚖️ <b>Transición Híbrida</b><br>Costo: $5,419 | Piso Margen: 40.0%<br>📊 <b>Pesos:</b> 🧑‍💼 Hum: 20% | 🧠 Elast: 8% | 🏢 Estrat: 32% | 📈 Macr: 24% | 📦 Stk: 16%<br>⚠️ <b>Capa 8 (Elasticidad):</b> Rechazo de mercado detectado (Retención: 67%). Se prioriza recuperar volumen.<br>🚥 <b>Capa 7:</b> Amortiguador Activo. Alza capada al 5% para proteger al cliente.<br>"
902175,CARISTOP PASTA 5000 PPM X 51 GR,NICHO,2025-09-01,116870,13,98215,39012,0.3972,8990,5419,8990,13,0.0,False,0.39721913236929923,8990.0,0.7343472750316857,0.4,10000.0,9031.666666666668,0.5874778200253487,13136.263364876493,13387.207571419181,inf,22.0,22.0,105446.0,-103.0,True,0.06666666666666665,1.0,13387.207571419181,5960.900000000001,24.0,8990,0.5416666666666666,False,True,13136.263364876493,4,0.0,0.1,0.4,0.3,0.2,8990.0,False,False,True,ALGORITMO_ESTRATEGICO,3571.0,39.72191323692992,"⚙️ <b>Algoritmo Estratégico</b><br>Costo: $5,419 | Piso Margen: 40.0%<br>📊 <b>Pesos:</b> 🧑‍💼 Hum: 0% | 🧠 Elast: 10% | 🏢 Estrat: 40% | 📈 Macr: 30% | 📦 Stk: 20%<br>⚠️ <b>Capa 8 (Elasticidad):</b> Rechazo de mercado detectado (Retención: 54%). Se prioriza recuperar volumen.<br>🚥 <b>Capa 7:</b> Amortiguador Activo. Alza capada al 5% para proteger al cliente.<br>"
902175,CARISTOP PASTA 5000 PPM X 51 GR,NICHO,2025-10-01,44950,5,37775,15005,0.3972,8990,5419,8990,5,0.0,False,0.39721913236929923,8990.0,0.7343472750316857,0.4,10000.0,9031.666666666668,0.5874778200253487,13136.263364876493,13239.94828813357,inf,0.0,,,-108.0,True,-0.1875,1.0,13239.94828813357,5960.900000000001,24.0,8990,0.20833333333333334,False,True,13136.263364876493,5,0.0,0.1,0.4,0.3,0.2,8990.0,False,False,True,ALGORITMO_ESTRATEGICO,3571.0,39.72191323692992,"⚙️ <b>Algoritmo Estratégico</b><br>Costo: $5,419 | Piso Margen: 40.0%<br>📊 <b>Pesos:</b> 🧑‍💼 Hum: 0% | 🧠 Elast: 10% | 🏢 Estrat: 40% | 📈 Macr: 30% | 📦 Stk: 20%<br>⚠️ <b>Capa 8 (Elasticidad):</b> Rechazo de mercado detectado (Retención: 21%). Se prioriza recuperar volumen.<br>📦 <b>Capa 5:</b> Blindaje por Bajo Stock (Descuento suspendido para proteger margen).<br>🚥 <b>Capa 7:</b> Amortiguador Activo. Alza capada al 5% para proteger al cliente.<br>"
902175,CARISTOP PASTA 5000 PPM X 51 GR,NICHO,2025-11-01,62930,7,52885,21006,0.3972,8990,5419,8990,7,0.0,False,0.39721913236929923,8990.0,0.7343472750316857,0.4,10000.0,9031.666666666668,0.5874778200253487,13136.263364876493,13412.067615879305,inf,10.0,10.0,48500.0,-105.0,True,-0.6153846153846154,1.0,13412.067615879305,5960.900000000001,24.0,8990,0.2916666666666667,False,True,13136.263364876493,6,0.0,0.1,0.4,0.3,0.2,8990.0,False,False,True,ALGORITMO_ESTRATEGICO,3571.0,39.72191323692992,"⚙️ <b>Algoritmo Estratégico</b><br>Costo: $5,419 | Piso Margen: 40.0%<br>📊 <b>Pesos:</b> 🧑‍💼 Hum: 0% | 🧠 Elast: 10% | 🏢 Estrat: 40% | 📈 Macr: 30% | 📦 Stk: 20%<br>⚠️ <b>Capa 8 (Elasticidad):</b> Rechazo de mercado detectado (Retención: 29%). Se prioriza recuperar volumen.<br>📦 <b>Capa 5:</b> Blindaje por Bajo Stock (Descuento suspendido para proteger margen).<br>🚥 <b>Capa 7:</b> Amortiguador Activo. Alza capada al 5% para proteger al cliente.<br>"
902175,CARISTOP PASTA 5000 PPM X 51 GR,NICHO,2025-12-01,116870,13,98215,39012,0.3972,8990,5419,8990,13,0.0,False,0.39721913236929923,8990.0,0.7343472750316857,0.4,10000.0,9031.666666666668,0.5874778200253487,13136.263364876493,13452.303818726941,inf,16.0,16.0,77600.0,-102.0,True,0.3999999999999999,1.06,14259.442047850558,5960.900000000001,24.0,8990,0.5416666666666666,False,True,13136.263364876493,7,0.0,0.1,0.4,0.3,0.2,8990.0,False,False,True,ALGORITMO_ESTRATEGICO,3571.0,39.72191323692992,"⚙️ <b>Algoritmo Estratégico</b><br>Costo: $5,419 | Piso Margen: 40.0%<br>📊 <b>Pesos:</b> 🧑‍💼 Hum: 0% | 🧠 Elast: 10% | 🏢 Estrat: 40% | 📈 Macr: 30% | 📦 Stk: 20%<br>⚠️ <b>Capa 8 (Elasticidad):</b> Rechazo de mercado detectado (Retención: 54%). Se prioriza recuperar volumen.<br>📈 <b>Capa 5:</b> Aceleración de demanda (Captura de margen a 1.06x).<br>🚥 <b>Capa 7:</b> Amortiguador Activo. Alza capada al 5% para proteger al cliente.<br>"
902175,CARISTOP PASTA 5000 PPM X 51 GR,NICHO,2026-01-01,125860,14,105768,42011,0.3972,8990,5419,8990,14,0.0,False,0.39721913236929923,8990.0,0.7343472750316857,0.4,10000.0,9031.666666666668,0.5874778200253487,13136.263364876493,13627.18376837039,inf,15.0,15.0,72750.0,-101.0,True,0.8571428571428572,1.1285714285714286,15379.250252875156,5960.900000000001,24.0,8990,0.5833333333333334,False,True,13136.263364876493,8,0.0,0.1,0.4,0.3,0.2,8990.0,False,False,True,ALGORITMO_ESTRATEGICO,3571.0,39.72191323692992,"⚙️ <b>Algoritmo Estratégico</b><br>Costo: $5,419 | Piso Margen: 40.0%<br>📊 <b>Pesos:</b> 🧑‍💼 Hum: 0% | 🧠 Elast: 10% | 🏢 Estrat: 40% | 📈 Macr: 30% | 📦 Stk: 20%<br>⚠️ <b>Capa 8 (Elasticidad):</b> Rechazo de mercado detectado (Retención: 58%). Se prioriza recuperar volumen.<br>📈 <b>Capa 5:</b> Aceleración de demanda (Captura de margen a 1.13x).<br>🚥 <b>Capa 7:</b> Amortiguador Activo. Alza capada al 5% para proteger al cliente.<br>"
902175,CARISTOP PASTA 5000 PPM X 51 GR,NICHO,2026-02-01,89900,10,75550,30009,0.3972,8990,5419,8990,10,0.0,False,0.39721913236929923,8990.0,0.7343472750316857,0.4,10000.0,9031.666666666668,0.5874778200253487,13136.263364876493,13831.591524895945,inf,12.0,12.0,58200.0,-99.0,True,0.07692307692307687,1.0,13831.591524895945,5960.900000000001,24.0,8990,0.4166666666666667,False,True,13136.263364876493,9,0.0,0.1,0.4,0.3,0.2,8990.0,False,False,True,ALGORITMO_ESTRATEGICO,3571.0,39.72191323692992,"⚙️ <b>Algoritmo Estratégico</b><br>Costo: $5,419 | Piso Margen: 40.0%<br>📊 <b>Pesos:</b> 🧑‍💼 Hum: 0% | 🧠 Elast: 10% | 🏢 Estrat: 40% | 📈 Macr: 30% | 📦 Stk: 20%<br>⚠️ <b>Capa 8 (Elasticidad):</b> Rechazo de mercado detectado (Retención: 42%). Se prioriza recuperar volumen.<br>🚥 <b>Capa 7:</b> Amortiguador Activo. Alza capada al 5% para proteger al cliente.<br>"
902175,CARISTOP PASTA 5000 PPM X 51 GR,NICHO,2026-03-01,116870,13,98215,39012,0.3972,8990,5419,8990,13,0.0,False,0.39721913236929923,8990.0,0.7343472750316857,0.4,10000.0,9031.666666666668,0.5874778200253487,13136.263364876493,13707.10720117188,inf,9.0,9.0,43650.0,-103.0,True,-0.2857142857142857,1.0,13707.10720117188,5960.900000000001,24.0,8990,0.5416666666666666,False,True,13136.263364876493,10,0.0,0.1,0.4,0.3,0.2,8990.0,False,False,True,ALGORITMO_ESTRATEGICO,3571.0,39.72191323692992,"⚙️ <b>Algoritmo Estratégico</b><br>Costo: $5,419 | Piso Margen: 40.0%<br>📊 <b>Pesos:</b> 🧑‍💼 Hum: 0% | 🧠 Elast: 10% | 🏢 Estrat: 40% | 📈 Macr: 30% | 📦 Stk: 20%<br>⚠️ <b>Capa 8 (Elasticidad):</b> Rechazo de mercado detectado (Retención: 54%). Se prioriza recuperar volumen.<br>📦 <b>Capa 5:</b> Blindaje por Bajo Stock (Descuento suspendido para proteger margen).<br>🚥 <b>Capa 7:</b> Amortiguador Activo. Alza capada al 5% para proteger al cliente.<br>"
902175,CARISTOP PASTA 5000 PPM X 51 GR,NICHO,2026-04-01,170810,19,143545,57018,0.3972,8990,5419,8990,19,0.0,False,0.39721913236929923,8990.0,0.7343472750316857,0.4,10000.0,9031.666666666668,0.5874778200253487,13136.263364876493,13857.88538038477,inf,16.0,16.0,77600.0,-106.0,True,0.30000000000000004,1.045,14481.490222502085,5960.900000000001,24.0,8990,0.7916666666666666,True,False,8990.0,11,0.0,0.6,0.1,0.2,0.1,8990.0,False,False,True,ALGORITMO_ESTRATEGICO,3571.0,39.72191323692992,"⚙️ <b>Algoritmo Estratégico</b><br>Costo: $5,419 | Piso Margen: 40.0%<br>📊 <b>Pesos:</b> 🧑‍💼 Hum: 0% | 🧠 Elast: 60% | 🏢 Estrat: 10% | 📈 Macr: 20% | 📦 Stk: 10%<br>🎯 <b>Capa 8 (Elasticidad):</b> Mercado validó el precio (Retención: 79%). El experto defiende el valor comercial.<br>📈 <b>Capa 5:</b> Aceleración de demanda (Captura de margen a 1.04x).<br>🚥 <b>Capa 7:</b> Amortiguador Activo. Alza capada al 5% para proteger al cliente.<br>"
902175,CARISTOP PASTA 5000 PPM X 51 GR,NICHO,2026-05-01,98890,11,83104,33009,0.3972,8990,5419,8990,11,0.0,False,0.39721913236929923,8990.0,0.7343472750316857,0.4,10000.0,9031.666666666668,0.5874778200253487,13136.263364876493,13830.169609624001,inf,8.0,8.0,38800.0,-109.0,True,0.46153846153846145,1.0692307692307692,14787.642890290277,5960.900000000001,24.0,8990,0.4583333333333333,False,True,13136.263364876493,12,0.0,0.1,0.4,0.3,0.2,8990.0,False,False,True,ALGORITMO_ESTRATEGICO,3571.0,39.72191323692992,"⚙️ <b>Algoritmo Estratégico</b><br>Costo: $5,419 | Piso Margen: 40.0%<br>📊 <b>Pesos:</b> 🧑‍💼 Hum: 0% | 🧠 Elast: 10% | 🏢 Estrat: 40% | 📈 Macr: 30% | 📦 Stk: 20%<br>⚠️ <b>Capa 8 (Elasticidad):</b> Rechazo de mercado detectado (Retención: 46%). Se prioriza recuperar volumen.<br>📈 <b>Capa 5:</b> Aceleración de demanda (Captura de margen a 1.07x).<br>🚥 <b>Capa 7:</b> Amortiguador Activo. Alza capada al 5% para proteger al cliente.<br>"
902175,CARISTOP PASTA 5000 PPM X 51 GR,NICHO,2026-06-01,107880,12,90658,36009,0.3972,8990,5419,8990,12,0.0,False,0.39721913236929923,8990.0,0.7343472750316857,0.4,10000.0,9031.666666666668,0.5874778200253487,13136.263364876493,14051.452323377986,inf,20.0,20.0,97000.0,-101.0,True,-0.42105263157894735,1.0,14051.452323377986,5960.900000000001,24.0,8990,0.5,False,True,13136.263364876493,13,0.0,0.1,0.4,0.3,0.2,8990.0,False,False,True,ALGORITMO_ESTRATEGICO,3571.0,39.72191323692992,"⚙️ <b>Algoritmo Estratégico</b><br>Costo: $5,419 | Piso Margen: 40.0%<br>📊 <b>Pesos:</b> 🧑‍💼 Hum: 0% | 🧠 Elast: 10% | 🏢 Estrat: 40% | 📈 Macr: 30% | 📦 Stk: 20%<br>⚠️ <b>Capa 8 (Elasticidad):</b> Rechazo de mercado detectado (Retención: 50%). Se prioriza recuperar volumen.<br>📦 <b>Capa 5:</b> Blindaje por Bajo Stock (Descuento suspendido para proteger margen).<br>🚥 <b>Capa 7:</b> Amortiguador Activo. Alza capada al 5% para proteger al cliente.<br>"
902175,CARISTOP PASTA 5000 PPM X 51 GR,NICHO,2026-07-01,125860,14,105769,42012,0.3972,8990,5419,8990,14,0.0,False,0.39721913236929923,8990.0,0.7343472750316857,0.4,10000.0,9031.666666666668,0.5874778200253487,13136.263364876493,14051.452323377986,inf,10.0,10.0,48500.0,-105.0,True,0.09090909090909083,1.0,14051.452323377986,5960.900000000001,24.0,8990,0.5833333333333334,False,True,13136.263364876493,14,0.0,0.1,0.4,0.3,0.2,8990.0,False,False,True,ALGORITMO_ESTRATEGICO,3571.0,39.72191323692992,"⚙️ <b>Algoritmo Estratégico</b><br>Costo: $5,419 | Piso Margen: 40.0%<br>📊 <b>Pesos:</b> 🧑‍💼 Hum: 0% | 🧠 Elast: 10% | 🏢 Estrat: 40% | 📈 Macr: 30% | 📦 Stk: 20%<br>⚠️ <b>Capa 8 (Elasticidad):</b> Rechazo de mercado detectado (Retención: 58%). Se prioriza recuperar volumen.<br>🚥 <b>Capa 7:</b> Amortiguador Activo. Alza capada al 5% para proteger al cliente.<br>"
902175,CARISTOP PASTA 5000 PPM X 51 GR,NICHO,2026-08-01,125860,14,105770,42013,0.3972,8990,5419,8990,14,0.0,False,0.39721913236929923,8990.0,0.7343472750316857,0.4,10000.0,9031.666666666668,0.5874778200253487,13136.263364876493,14051.452323377986,inf,16.0,16.0,77600.0,-103.0,True,0.16666666666666674,1.025,14402.738631462435,5960.900000000001,24.0,8990,0.5833333333333334,False,True,13136.263364876493,15,0.0,0.1,0.4,0.3,0.2,8990.0,False,False,True,ALGORITMO_ESTRATEGICO,3571.0,39.72191323692992,"⚙️ <b>Algoritmo Estratégico</b><br>Costo: $5,419 | Piso Margen: 40.0%<br>📊 <b>Pesos:</b> 🧑‍💼 Hum: 0% | 🧠 Elast: 10% | 🏢 Estrat: 40% | 📈 Macr: 30% | 📦 Stk: 20%<br>⚠️ <b>Capa 8 (Elasticidad):</b> Rechazo de mercado detectado (Retención: 58%). Se prioriza recuperar volumen.<br>📈 <b>Capa 5:</b> Aceleración de demanda (Captura de margen a 1.02x).<br>🚥 <b>Capa 7:</b> Amortiguador Activo. Alza capada al 5% para proteger al cliente.<br>"
8903726209622,MICOFENOLATO MOFETILO 500 MG SEVEN X 50 COMP(GENER/INMUFEN),GENERICO,2024-03-01,241740,18,203143,111799,0.5503,13430,6039,13430,18,0.0,True,0.5503350707371556,13430.0,0.5503350707371556,0.3,4000.0,8627.142857142857,0.3,13430.0,13430.0,inf,10.0,10.0,47480.0,-8.0,True,0.0,1.0,13430.0,6642.900000000001,18.0,13430,1.0,True,False,13430.0,0,1.0,0.0,0.0,0.0,0.0,13430.0,False,False,False,MANDATO_HUMANO,7391.0,55.03350707371556,"🛑 <b>Capa 0: Mandato Humano</b><br>El administrador fijó el precio a $13,430.<br>Inicio de medición de elasticidad para el nuevo ciclo."
8903726209622,MICOFENOLATO MOFETILO 500 MG SEVEN X 50 COMP(GENER/INMUFEN),GENERICO,2024-04-01,53720,4,45144,25563,0.5663,13430,5825,13430,4,0.0,False,0.5662695457930007,13430.0,0.5503350707371556,0.3,4000.0,8321.428571428572,0.3,13430.0,13510.58,inf,20.0,20.0,94960.0,8.0,True,0.0,1.0,13510.58,6407.500000000001,18.0,13430,0.2222222222222222,False,True,13430.0,1,0.8,0.019999999999999997,0.07999999999999999,0.059999999999999984,0.039999999999999994,12990.0,False,False,False,HIBRIDO_ORQUESTADO,7165.0,55.157813702848344,"⚖️ <b>Transición Híbrida</b><br>Costo: $5,825 | Piso Margen: 30.0%<br>📊 <b>Pesos:</b> 🧑‍💼 Hum: 80% | 🧠 Elast: 2% | 🏢 Estrat: 8% | 📈 Macr: 6% | 📦 Stk: 4%<br>⚠️ <b>Capa 8 (Elasticidad):</b> Rechazo de mercado detectado (Retención: 22%). Se prioriza recuperar volumen.<br>"
8903726209622,MICOFENOLATO MOFETILO 500 MG SEVEN X 50 COMP(GENER/INMUFEN),GENERICO,2024-05-01,120870,9,101573,58345,0.5744,13430,5716,13430,9,0.0,False,0.574385703648548,13430.0,0.5503350707371556,0.3,4000.0,8165.714285714286,0.3,13430.0,13510.58,inf,0.0,,,-1.0,True,-0.7777777777777778,1.0,13510.58,6287.6,18.0,13430,0.5,False,True,13430.0,2,0.5,0.05,0.2,0.15,0.1,11990.0,False,False,False,HIBRIDO_ORQUESTADO,6274.0,52.32693911592994,"⚖️ <b>Transición Híbrida</b><br>Costo: $5,716 | Piso Margen: 30.0%<br>📊 <b>Pesos:</b> 🧑‍💼 Hum: 50% | 🧠 Elast: 5% | 🏢 Estrat: 20% | 📈 Macr: 15% | 📦 Stk: 10%<br>⚠️ <b>Capa 8 (Elasticidad):</b> Rechazo de mercado detectado (Retención: 50%). Se prioriza recuperar volumen.<br>📦 <b>Capa 5:</b> Blindaje por Bajo Stock (Descuento suspendido para proteger margen).<br>"
8903726209622,MICOFENOLATO MOFETILO 500 MG SEVEN X 50 COMP(GENER/INMUFEN),GENERICO,2024-06-01,67150,5,56430,32415,0.5744,13430,5715,13430,5,0.0,False,0.5744601638123604,13430.0,0.5503350707371556,0.3,4000.0,8164.285714285715,0.3,13430.0,13524.090579999998,inf,6.0,6.0,30894.0,0.0,True,1.25,1.15,15552.704166999996,6286.500000000001,18.0,13430,0.2777777777777778,False,True,13430.0,3,0.2,0.08000000000000002,0.32000000000000006,0.24,0.16000000000000003,11990.0,False,False,False,HIBRIDO_ORQUESTADO,6275.0,52.335279399499576,"⚖️ <b>Transición Híbrida</b><br>Costo: $5,715 | Piso Margen: 30.0%<br>📊 <b>Pesos:</b> 🧑‍💼 Hum: 20% | 🧠 Elast: 8% | 🏢 Estrat: 32% | 📈 Macr: 24% | 📦 Stk: 16%<br>⚠️ <b>Capa 8 (Elasticidad):</b> Rechazo de mercado detectado (Retención: 28%). Se prioriza recuperar volumen.<br>📈 <b>Capa 5:</b> Aceleración de demanda (Captura de margen a 1.15x).<br>"
8903726209622,MICOFENOLATO MOFETILO 500 MG SEVEN X 50 COMP(GENER/INMUFEN),GENERICO,2024-07-01,40290,3,33858,19101,0.5642,13430,5853,13430,3,0.0,False,0.5641846612062547,13430.0,0.5503350707371556,0.3,4000.0,8361.428571428572,0.3,13430.0,13672.855576379998,inf,0.0,,,-3.0,True,-0.4444444444444444,1.0,13672.855576379998,6438.3,18.0,13430,0.16666666666666666,False,True,13430.0,4,0.0,0.1,0.4,0.3,0.2,11990.0,False,False,False,ALGORITMO_ESTRATEGICO,6137.0,51.184320266889074,"⚙️ <b>Algoritmo Estratégico</b><br>Costo: $5,853 | Piso Margen: 30.0%<br>📊 <b>Pesos:</b> 🧑‍💼 Hum: 0% | 🧠 Elast: 10% | 🏢 Estrat: 40% | 📈 Macr: 30% | 📦 Stk: 20%<br>⚠️ <b>Capa 8 (Elasticidad):</b> Rechazo de mercado detectado (Retención: 17%). Se prioriza recuperar volumen.<br>📦 <b>Capa 5:</b> Blindaje por Bajo Stock (Descuento suspendido para proteger margen).<br>"
8903726209622,MICOFENOLATO MOFETILO 500 MG SEVEN X 50 COMP(GENER/INMUFEN),GENERICO,2024-08-01,107440,8,90286,50935,0.5642,13430,5853,13430,8,0.0,False,0.5641846612062547,13430.0,0.5503350707371556,0.3,4000.0,8361.428571428572,0.3,13430.0,13549.799876192577,inf,0.0,,,-11.0,True,-0.4,1.0,13549.799876192577,6438.3,18.0,13430,0.4444444444444444,False,True,13430.0,5,0.0,0.1,0.4,0.3,0.2,10990.0,False,False,False,ALGORITMO_ESTRATEGICO,5137.0,46.7424931756142,"⚙️ <b>Algoritmo Estratégico</b><br>Costo: $5,853 | Piso Margen: 30.0%<br>📊 <b>Pesos:</b> 🧑‍💼 Hum: 0% | 🧠 Elast: 10% | 🏢 Estrat: 40% | 📈 Macr: 30% | 📦 Stk: 20%<br>⚠️ <b>Capa 8 (Elasticidad):</b> Rechazo de mercado detectado (Retención: 44%). Se prioriza recuperar volumen.<br>📦 <b>Capa 5:</b> Blindaje por Bajo Stock (Descuento suspendido para proteger margen).<br>"
8903726209622,MICOFENOLATO MOFETILO 500 MG SEVEN X 50 COMP(GENER/INMUFEN),GENERICO,2024-09-01,120870,9,101573,56425,0.5555,13430,5969,13430,9,0.0,False,0.5555472822040208,13430.0,0.5503350707371556,0.3,4000.0,8527.142857142857,0.3,13430.0,13780.14647408785,inf,12.0,12.0,61782.0,-8.0,True,1.6666666666666665,1.15,15847.168445201025,6565.900000000001,18.0,13430,0.5,False,True,13430.0,6,0.0,0.1,0.4,0.3,0.2,11990.0,False,False,True,ALGORITMO_ESTRATEGICO,6021.0,50.21684737281068,"⚙️ <b>Algoritmo Estratégico</b><br>Costo: $5,969 | Piso Margen: 30.0%<br>📊 <b>Pesos:</b> 🧑‍💼 Hum: 0% | 🧠 Elast: 10% | 🏢 Estrat: 40% | 📈 Macr: 30% | 📦 Stk: 20%<br>⚠️ <b>Capa 8 (Elasticidad):</b> Rechazo de mercado detectado (Retención: 50%). Se prioriza recuperar volumen.<br>📈 <b>Capa 5:</b> Aceleración de demanda (Captura de margen a 1.15x).<br>🚥 <b>Capa 7:</b> Amortiguador Activo. Alza capada al 5% para proteger al cliente.<br>"
8903726209622,MICOFENOLATO MOFETILO 500 MG SEVEN X 50 COMP(GENER/INMUFEN),GENERICO,2024-10-01,134300,10,112857,61700,0.5467,13430,6088,13430,10,0.0,False,0.54668652271035,13430.0,0.5503350707371556,0.3,4000.0,8697.142857142857,0.3,13430.0,13931.728085302813,inf,8.0,8.0,72078.0,-10.0,True,0.125,1.0,13931.728085302813,6696.8,18.0,13430,0.5555555555555556,False,True,13430.0,7,0.0,0.1,0.4,0.3,0.2,11990.0,False,False,False,ALGORITMO_ESTRATEGICO,5902.0,49.22435362802335,"⚙️ <b>Algoritmo Estratégico</b><br>Costo: $6,088 | Piso Margen: 30.0%<br>📊 <b>Pesos:</b> 🧑‍💼 Hum: 0% | 🧠 Elast: 10% | 🏢 Estrat: 40% | 📈 Macr: 30% | 📦 Stk: 20%<br>⚠️ <b>Capa 8 (Elasticidad):</b> Rechazo de mercado detectado (Retención: 56%). Se prioriza recuperar volumen.<br>"
8903726209622,MICOFENOLATO MOFETILO 500 MG SEVEN X 50 COMP(GENER/INMUFEN),GENERICO,2024-11-01,107440,8,90286,49194,0.5449,13430,6112,13430,8,0.0,False,0.5448994787788534,13430.0,0.5503350707371556,0.3,4000.0,8731.428571428572,0.3,13430.0,13987.454997644025,inf,0.0,,,-18.0,True,0.11111111111111116,1.0,13987.454997644025,6723.200000000001,18.0,13430,0.4444444444444444,False,True,13430.0,8,0.0,0.1,0.4,0.3,0.2,11990.0,False,False,False,ALGORITMO_ESTRATEGICO,5878.0,49.024186822351965,"⚙️ <b>Algoritmo Estratégico</b><br>Costo: $6,112 | Piso Margen: 30.0%<br>📊 <b>Pesos:</b> 🧑‍💼 Hum: 0% | 🧠 Elast: 10% | 🏢 Estrat: 40% | 📈 Macr: 30% | 📦 Stk: 20%<br>⚠️ <b>Capa 8 (Elasticidad):</b> Rechazo de mercado detectado (Retención: 44%). Se prioriza recuperar volumen.<br>"
8903726209622,MICOFENOLATO MOFETILO 500 MG SEVEN X 50 COMP(GENER/INMUFEN),GENERICO,2024-12-01,134300,10,112858,61378,0.5439,13430,6126,13430,10,0.0,False,0.5438570364854802,13430.0,0.5503350707371556,0.3,4000.0,8751.428571428572,0.3,13430.0,14043.4048176346,inf,20.0,20.0,102960.0,-8.0,True,-0.19999999999999996,1.0,14043.4048176346,6738.6,18.0,13430,0.5555555555555556,False,True,13430.0,9,0.0,0.1,0.4,0.3,0.2,11990.0,False,False,False,ALGORITMO_ESTRATEGICO,5864.0,48.90742285237698,"⚙️ <b>Algoritmo Estratégico</b><br>Costo: $6,126 | Piso Margen: 30.0%<br>📊 <b>Pesos:</b> 🧑‍💼 Hum: 0% | 🧠 Elast: 10% | 🏢 Estrat: 40% | 📈 Macr: 30% | 📦 Stk: 20%<br>⚠️ <b>Capa 8 (Elasticidad):</b> Rechazo de mercado detectado (Retención: 56%). Se prioriza recuperar volumen.<br>📦 <b>Capa 5:</b> Blindaje por Bajo Stock (Descuento suspendido para proteger margen).<br>"
8903726209622,MICOFENOLATO MOFETILO 500 MG SEVEN X 50 COMP(GENER/INMUFEN),GENERICO,2025-01-01,255170,19,214429,120217,0.5606,13430,5901,13430,19,0.0,False,0.5606105733432614,13430.0,0.5503350707371556,0.3,4000.0,8430.0,0.3,13430.0,14310.229509169656,inf,11.0,11.0,108856.0,-16.0,True,0.25,1.0375,14846.863115763519,6491.1,18.0,13430,1.0555555555555556,True,False,13430.0,10,0.0,0.6,0.1,0.2,0.1,12990.0,False,False,True,ALGORITMO_ESTRATEGICO,7089.0,54.57274826789838,"⚙️ <b>Algoritmo Estratégico</b><br>Costo: $5,901 | Piso Margen: 30.0%<br>📊 <b>Pesos:</b> 🧑‍💼 Hum: 0% | 🧠 Elast: 60% | 🏢 Estrat: 10% | 📈 Macr: 20% | 📦 Stk: 10%<br>🎯 <b>Capa 8 (Elasticidad):</b> Mercado validó el precio (Retención: 106%). El experto defiende el valor comercial.<br>📈 <b>Capa 5:</b> Aceleración de demanda (Captura de margen a 1.04x).<br>🚥 <b>Capa 7:</b> Amortiguador Activo. Alza capada al 5% para proteger al cliente.<br>"
8903726209622,MICOFENOLATO MOFETILO 500 MG SEVEN X 50 COMP(GENER/INMUFEN),GENERICO,2025-02-01,107440,8,90286,49896,0.5526,13430,6008,13430,8,0.0,False,0.5526433358153388,13430.0,0.5503350707371556,0.3,4000.0,8582.857142857143,0.3,13430.0,14353.160197697163,inf,20.0,20.0,102980.0,-4.0,True,0.8999999999999999,1.135,16290.83682438628,6608.8,18.0,13430,0.4444444444444444,False,True,13430.0,11,0.0,0.1,0.4,0.3,0.2,11990.0,False,False,False,ALGORITMO_ESTRATEGICO,5982.0,49.89157631359466,"⚙️ <b>Algoritmo Estratégico</b><br>Costo: $6,008 | Piso Margen: 30.0%<br>📊 <b>Pesos:</b> 🧑‍💼 Hum: 0% | 🧠 Elast: 10% | 🏢 Estrat: 40% | 📈 Macr: 30% | 📦 Stk: 20%<br>⚠️ <b>Capa 8 (Elasticidad):</b> Rechazo de mercado detectado (Retención: 44%). Se prioriza recuperar volumen.<br>📈 <b>Capa 5:</b> Aceleración de demanda (Captura de margen a 1.14x).<br>"
8903726209622,MICOFENOLATO MOFETILO 500 MG SEVEN X 50 COMP(GENER/INMUFEN),GENERICO,2025-03-01,120870,9,101572,55232,0.5438,13430,6127,13430,9,0.0,False,0.5437825763216679,13430.0,0.5503350707371556,0.3,4000.0,8752.857142857143,0.3,13430.0,14367.513357894859,inf,10.0,10.0,51480.0,-3.0,True,-0.5789473684210527,1.0,14367.513357894859,6739.700000000001,18.0,13430,0.5,False,True,13430.0,12,0.0,0.1,0.4,0.3,0.2,11990.0,False,False,False,ALGORITMO_ESTRATEGICO,5863.0,48.89908256880734,"⚙️ <b>Algoritmo Estratégico</b><br>Costo: $6,127 | Piso Margen: 30.0%<br>📊 <b>Pesos:</b> 🧑‍💼 Hum: 0% | 🧠 Elast: 10% | 🏢 Estrat: 40% | 📈 Macr: 30% | 📦 Stk: 20%<br>⚠️ <b>Capa 8 (Elasticidad):</b> Rechazo de mercado detectado (Retención: 50%). Se prioriza recuperar volumen.<br>📦 <b>Capa 5:</b> Blindaje por Bajo Stock (Descuento suspendido para proteger margen).<br>"
8903726209622,MICOFENOLATO MOFETILO 500 MG SEVEN X 50 COMP(GENER/INMUFEN),GENERICO,2025-04-01,94010,7,79001,42964,0.5438,13430,6126,13430,7,0.0,False,0.5438570364854802,13430.0,0.5503350707371556,0.3,4000.0,8751.428571428572,0.3,13430.0,14381.880871252752,inf,6.0,6.0,28488.0,-4.0,True,0.125,1.0,14381.880871252752,6738.6,18.0,13430,0.3888888888888889,False,True,13430.0,13,0.0,0.1,0.4,0.3,0.2,11990.0,False,False,False,ALGORITMO_ESTRATEGICO,5864.0,48.90742285237698,"⚙️ <b>Algoritmo Estratégico</b><br>Costo: $6,126 | Piso Margen: 30.0%<br>📊 <b>Pesos:</b> 🧑‍💼 Hum: 0% | 🧠 Elast: 10% | 🏢 Estrat: 40% | 📈 Macr: 30% | 📦 Stk: 20%<br>⚠️ <b>Capa 8 (Elasticidad):</b> Rechazo de mercado detectado (Retención: 39%). Se prioriza recuperar volumen.<br>"
8903726209622,MICOFENOLATO MOFETILO 500 MG SEVEN X 50 COMP(GENER/INMUFEN),GENERICO,2025-05-01,134300,10,112858,62747,0.556,13430,5963,13430,10,0.0,False,0.555994043186895,13430.0,0.5503350707371556,0.3,4000.0,8518.57142857143,0.3,13430.0,14194.916419926465,inf,13.0,13.0,66924.0,-1.0,True,-0.2222222222222222,1.0,14194.916419926465,6559.3,18.0,13430,0.5555555555555556,False,True,13430.0,14,0.0,0.1,0.4,0.3,0.2,11990.0,False,False,False,ALGORITMO_ESTRATEGICO,6027.0,50.26688907422853,"⚙️ <b>Algoritmo Estratégico</b><br>Costo: $5,963 | Piso Margen: 30.0%<br>📊 <b>Pesos:</b> 🧑‍💼 Hum: 0% | 🧠 Elast: 10% | 🏢 Estrat: 40% | 📈 Macr: 30% | 📦 Stk: 20%<br>⚠️ <b>Capa 8 (Elasticidad):</b> Rechazo de mercado detectado (Retención: 56%). Se prioriza recuperar volumen.<br>📦 <b>Capa 5:</b> Blindaje por Bajo Stock (Descuento suspendido para proteger margen).<br>"
8903726209622,MICOFENOLATO MOFETILO 500 MG SEVEN X 50 COMP(GENER/INMUFEN),GENERICO,2025-06-01,201450,15,169287,92834,0.5484,13430,6065,13430,15,0.0,False,0.5483991064780342,13430.0,0.5503350707371556,0.3,4000.0,8664.285714285716,0.3,13430.0,14365.255416965583,inf,15.0,15.0,77230.0,-1.0,True,0.4285714285714286,1.0642857142857143,15288.736122341941,6671.500000000001,18.0,13430,0.8333333333333334,True,False,13430.0,15,0.0,0.6,0.1,0.2,0.1,12990.0,False,False,True,ALGORITMO_ESTRATEGICO,6925.0,53.31023864511163,"⚙️ <b>Algoritmo Estratégico</b><br>Costo: $6,065 | Piso Margen: 30.0%<br>📊 <b>Pesos:</b> 🧑‍💼 Hum: 0% | 🧠 Elast: 60% | 🏢 Estrat: 10% | 📈 Macr: 20% | 📦 Stk: 10%<br>🎯 <b>Capa 8 (Elasticidad):</b> Mercado validó el precio (Retención: 83%). El experto defiende el valor comercial.<br>📈 <b>Capa 5:</b> Aceleración de demanda (Captura de margen a 1.06x).<br>🚥 <b>Capa 7:</b> Amortiguador Activo. Alza capada al 5% para proteger al cliente.<br>"
8903726209622,MICOFENOLATO MOFETILO 500 MG SEVEN X 50 COMP(GENER/INMUFEN),GENERICO,2025-07-01,94010,7,79001,43069,0.5452,13430,6108,13430,7,0.0,False,0.5451973194341028,13430.0,0.5503350707371556,0.3,4000.0,8725.714285714286,0.3,13430.0,14523.273226552203,inf,6.0,6.0,31380.0,-2.0,True,0.5,1.075,15612.518718543617,6718.8,18.0,13430,0.3888888888888889,False,True,13430.0,16,0.0,0.1,0.4,0.3,0.2,11990.0,False,False,False,ALGORITMO_ESTRATEGICO,5882.0,49.05754795663053,"⚙️ <b>Algoritmo Estratégico</b><br>Costo: $6,108 | Piso Margen: 30.0%<br>📊 <b>Pesos:</b> 🧑‍💼 Hum: 0% | 🧠 Elast: 10% | 🏢 Estrat: 40% | 📈 Macr: 30% | 📦 Stk: 20%<br>⚠️ <b>Capa 8 (Elasticidad):</b> Rechazo de mercado detectado (Retención: 39%). Se prioriza recuperar volumen.<br>📈 <b>Capa 5:</b> Aceleración de demanda (Captura de margen a 1.07x).<br>"
8903726209622,MICOFENOLATO MOFETILO 500 MG SEVEN X 50 COMP(GENER/INMUFEN),GENERICO,2025-08-01,107440,8,90287,49058,0.5434,13430,6133,13430,8,0.0,False,0.5433358153387937,13430.0,0.5503350707371556,0.3,4000.0,8761.428571428572,0.3,13430.0,14566.843046231857,inf,16.0,16.0,79824.0,6.0,True,-0.5333333333333333,1.0,14566.843046231857,6746.3,18.0,13430,0.4444444444444444,False,True,13430.0,17,0.0,0.1,0.4,0.3,0.2,11990.0,False,False,False,ALGORITMO_ESTRATEGICO,5857.0,48.84904086738949,"⚙️ <b>Algoritmo Estratégico</b><br>Costo: $6,133 | Piso Margen: 30.0%<br>📊 <b>Pesos:</b> 🧑‍💼 Hum: 0% | 🧠 Elast: 10% | 🏢 Estrat: 40% | 📈 Macr: 30% | 📦 Stk: 20%<br>⚠️ <b>Capa 8 (Elasticidad):</b> Rechazo de mercado detectado (Retención: 44%). Se prioriza recuperar volumen.<br>📦 <b>Capa 5:</b> Blindaje por Bajo Stock (Descuento suspendido para proteger margen).<br>"
8903726209622,MICOFENOLATO MOFETILO 500 MG SEVEN X 50 COMP(GENER/INMUFEN),GENERICO,2025-09-01,147730,11,124144,68443,0.5513,13430,6026,13430,11,0.0,False,0.5513030528667163,13430.0,0.5503350707371556,0.3,4000.0,8608.57142857143,0.3,13430.0,14639.677261463015,inf,0.0,,,-5.0,True,0.1428571428571428,1.0,14639.677261463015,6628.6,18.0,13430,0.6111111111111112,False,True,13430.0,18,0.0,0.1,0.4,0.3,0.2,11990.0,False,False,False,ALGORITMO_ESTRATEGICO,5964.0,49.74145120934112,"⚙️ <b>Algoritmo Estratégico</b><br>Costo: $6,026 | Piso Margen: 30.0%<br>📊 <b>Pesos:</b> 🧑‍💼 Hum: 0% | 🧠 Elast: 10% | 🏢 Estrat: 40% | 📈 Macr: 30% | 📦 Stk: 20%<br>⚠️ <b>Capa 8 (Elasticidad):</b> Rechazo de mercado detectado (Retención: 61%). Se prioriza recuperar volumen.<br>"
8903726209622,MICOFENOLATO MOFETILO 500 MG SEVEN X 50 COMP(GENER/INMUFEN),GENERICO,2025-10-01,120870,9,101572,55999,0.5513,13430,6026,13430,9,0.0,False,0.5513030528667163,13430.0,0.5503350707371556,0.3,4000.0,8608.57142857143,0.3,13430.0,14478.640811586922,inf,0.0,,,-14.0,True,0.375,1.05625,15293.064357238685,6628.6,18.0,13430,0.5,False,True,13430.0,19,0.0,0.1,0.4,0.3,0.2,11990.0,False,False,False,ALGORITMO_ESTRATEGICO,5964.0,49.74145120934112,"⚙️ <b>Algoritmo Estratégico</b><br>Costo: $6,026 | Piso Margen: 30.0%<br>📊 <b>Pesos:</b> 🧑‍💼 Hum: 0% | 🧠 Elast: 10% | 🏢 Estrat: 40% | 📈 Macr: 30% | 📦 Stk: 20%<br>⚠️ <b>Capa 8 (Elasticidad):</b> Rechazo de mercado detectado (Retención: 50%). Se prioriza recuperar volumen.<br>📈 <b>Capa 5:</b> Aceleración de demanda (Captura de margen a 1.06x).<br>"
8903726209622,MICOFENOLATO MOFETILO 500 MG SEVEN X 50 COMP(GENER/INMUFEN),GENERICO,2025-11-01,80580,6,67714,37334,0.5513,13430,6025,13430,6,0.0,False,0.5513775130305286,13430.0,0.5503350707371556,0.3,4000.0,8607.142857142857,0.3,13430.0,14666.86314213755,inf,0.0,,,-20.0,True,-0.18181818181818177,1.0,14666.86314213755,6627.500000000001,18.0,13430,0.3333333333333333,False,True,13430.0,20,0.0,0.1,0.4,0.3,0.2,11990.0,False,False,False,ALGORITMO_ESTRATEGICO,5965.0,49.74979149291076,"⚙️ <b>Algoritmo Estratégico</b><br>Costo: $6,025 | Piso Margen: 30.0%<br>📊 <b>Pesos:</b> 🧑‍💼 Hum: 0% | 🧠 Elast: 10% | 🏢 Estrat: 40% | 📈 Macr: 30% | 📦 Stk: 20%<br>⚠️ <b>Capa 8 (Elasticidad):</b> Rechazo de mercado detectado (Retención: 33%). Se prioriza recuperar volumen.<br>📦 <b>Capa 5:</b> Blindaje por Bajo Stock (Descuento suspendido para proteger margen).<br>"
8903726209622,MICOFENOLATO MOFETILO 500 MG SEVEN X 50 COMP(GENER/INMUFEN),GENERICO,2026-01-01,233870,13,196532,52232,0.2658,17990,13209,17990,13,0.33953834698436336,True,0.26575875486381323,17990.0,0.5503350707371556,0.3,4000.0,18870.0,0.3,18870.0,18870.0,inf,18.0,18.0,255300.0,-15.0,True,-0.33333333333333337,1.0,18870.0,14529.900000000001,8.666666666666666,17990,1.5,True,False,17990.0,0,1.0,0.0,0.0,0.0,0.0,17990.0,False,False,False,MANDATO_HUMANO,4781.0,26.575875486381324,"🛑 <b>Capa 0: Mandato Humano</b><br>El administrador fijó el precio a $17,990.<br>Inicio de medición de elasticidad para el nuevo ciclo."
8903726209622,MICOFENOLATO MOFETILO 500 MG SEVEN X 50 COMP(GENER/INMUFEN),GENERICO,2026-02-01,161910,9,136061,36267,0.2665,17990,13195,17990,9,0.0,False,0.26653696498054474,17990.0,0.5503350707371556,0.3,4000.0,18850.0,0.3,18850.0,18850.0,inf,3.0,3.0,52685.0,-21.0,True,1.1666666666666665,1.15,21677.5,14514.500000000002,8.666666666666666,17990,1.0384615384615385,True,False,17990.0,1,0.8,0.11999999999999997,0.019999999999999997,0.039999999999999994,0.019999999999999997,17990.0,False,False,False,HIBRIDO_ORQUESTADO,4795.0,26.653696498054476,"⚖️ <b>Transición Híbrida</b><br>Costo: $13,195 | Piso Margen: 30.0%<br>📊 <b>Pesos:</b> 🧑‍💼 Hum: 80% | 🧠 Elast: 12% | 🏢 Estrat: 2% | 📈 Macr: 4% | 📦 Stk: 2%<br>🎯 <b>Capa 8 (Elasticidad):</b> Mercado validó el precio (Retención: 104%). El experto defiende el valor comercial.<br>📈 <b>Capa 5:</b> Aceleración de demanda (Captura de margen a 1.15x).<br>"
8903726209622,MICOFENOLATO MOFETILO 500 MG SEVEN X 50 COMP(GENER/INMUFEN),GENERICO,2026-03-01,18990,1,15958,4964,0.3111,18990,13083,18990,1,0.055586436909394105,True,0.31105845181674563,18990.0,0.5503350707371556,0.3,4000.0,18690.0,0.3,18990.0,18990.0,inf,0.0,0.0,59427.0,-22.0,True,-0.3076923076923077,1.0,18990.0,14391.300000000001,9.333333333333334,18990,0.10714285714285714,False,True,18990.0,0,1.0,0.0,0.0,0.0,0.0,18990.0,False,False,False,MANDATO_HUMANO,5907.0,31.105845181674564,"🛑 <b>Capa 0: Mandato Humano</b><br>El administrador fijó el precio a $18,990.<br>Inicio de medición de elasticidad para el nuevo ciclo."
8903726209622,MICOFENOLATO MOFETILO 500 MG SEVEN X 50 COMP(GENER/INMUFEN),GENERICO,2026-04-01,151920,8,127664,39710,0.3111,18990,13083,18990,8,0.0,False,0.31105845181674563,18990.0,0.5503350707371556,0.3,4000.0,18690.0,0.3,18990.0,19198.89,inf,0.0,0.0,125000.0,-30.0,True,-0.8888888888888888,1.0,19198.89,14391.300000000001,9.333333333333334,18990,0.8571428571428571,True,False,18990.0,1,0.8,0.11999999999999997,0.019999999999999997,0.039999999999999994,0.019999999999999997,18990.0,False,False,False,HIBRIDO_ORQUESTADO,5907.0,31.105845181674564,"⚖️ <b>Transición Híbrida</b><br>Costo: $13,083 | Piso Margen: 30.0%<br>📊 <b>Pesos:</b> 🧑‍💼 Hum: 80% | 🧠 Elast: 12% | 🏢 Estrat: 2% | 📈 Macr: 4% | 📦 Stk: 2%<br>🎯 <b>Capa 8 (Elasticidad):</b> Mercado validó el precio (Retención: 86%). El experto defiende el valor comercial.<br>📦 <b>Capa 5:</b> Blindaje por Bajo Stock (Descuento suspendido para proteger margen).<br>"
8903726209622,MICOFENOLATO MOFETILO 500 MG SEVEN X 50 COMP(GENER/INMUFEN),GENERICO,2026-05-01,170910,9,143622,36767,0.256,18990,14129,18990,9,0.0,False,0.2559768299104792,18990.0,0.5503350707371556,0.3,4000.0,20184.285714285714,0.3,20184.285714285714,20184.285714285714,inf,12.0,12.0,150000.0,-27.0,True,7.0,1.15,23211.92857142857,15541.900000000001,9.333333333333334,18990,0.9642857142857142,True,False,18990.0,2,0.5,0.3,0.05,0.1,0.05,18990.0,False,False,False,HIBRIDO_ORQUESTADO,4861.0,25.59768299104792,"⚖️ <b>Transición Híbrida</b><br>Costo: $14,129 | Piso Margen: 30.0%<br>📊 <b>Pesos:</b> 🧑‍💼 Hum: 50% | 🧠 Elast: 30% | 🏢 Estrat: 5% | 📈 Macr: 10% | 📦 Stk: 5%<br>🎯 <b>Capa 8 (Elasticidad):</b> Mercado validó el precio (Retención: 96%). El experto defiende el valor comercial.<br>📈 <b>Capa 5:</b> Aceleración de demanda (Captura de margen a 1.15x).<br>"
8903726209622,MICOFENOLATO MOFETILO 500 MG SEVEN X 50 COMP(GENER/INMUFEN),GENERICO,2026-06-01,227880,12,191496,46012,0.2403,18990,14427,18990,12,0.0,False,0.24028436018957347,18990.0,0.5503350707371556,0.3,4000.0,20610.0,0.3,20610.0,20610.0,inf,10.0,10.0,125000.0,-29.0,True,0.125,1.0,20610.0,15869.7,9.333333333333334,18990,1.2857142857142856,True,False,18990.0,3,0.2,0.48,0.08000000000000002,0.16000000000000003,0.08000000000000002,19990.0,False,False,False,HIBRIDO_ORQUESTADO,5563.0,27.828914457228613,"⚖️ <b>Transición Híbrida</b><br>Costo: $14,427 | Piso Margen: 30.0%<br>📊 <b>Pesos:</b> 🧑‍💼 Hum: 20% | 🧠 Elast: 48% | 🏢 Estrat: 8% | 📈 Macr: 16% | 📦 Stk: 8%<br>🎯 <b>Capa 8 (Elasticidad):</b> Mercado validó el precio (Retención: 129%). El experto defiende el valor comercial.<br>"
8903726209622,MICOFENOLATO MOFETILO 500 MG SEVEN X 50 COMP(GENER/INMUFEN),GENERICO,2026-07-01,192900,10,162100,38491,0.2375,19290,14710,19290,10,0.01579778830963665,False,0.23742871954380507,18990.0,0.5503350707371556,0.3,4000.0,21014.285714285717,0.3,21014.285714285717,21014.285714285717,inf,10.0,10.0,117914.0,-29.0,True,0.33333333333333326,1.05,22065.000000000004,16181.000000000002,9.333333333333334,18990,1.0714285714285714,True,False,18990.0,4,0.0,0.6,0.1,0.2,0.1,19990.0,False,False,False,ALGORITMO_ESTRATEGICO,5280.0,26.413206603301653,"⚙️ <b>Algoritmo Estratégico</b><br>Costo: $14,710 | Piso Margen: 30.0%<br>📊 <b>Pesos:</b> 🧑‍💼 Hum: 0% | 🧠 Elast: 60% | 🏢 Estrat: 10% | 📈 Macr: 20% | 📦 Stk: 10%<br>🎯 <b>Capa 8 (Elasticidad):</b> Mercado validó el precio (Retención: 107%). El experto defiende el valor comercial.<br>📈 <b>Capa 5:</b> Aceleración de demanda (Captura de margen a 1.05x).<br>"
8903726209622,MICOFENOLATO MOFETILO 500 MG SEVEN X 50 COMP(GENER/INMUFEN),GENERICO,2026-08-01,159920,8,134385,38115,0.2836,19990,14320,19990,8,0.036288232244686365,False,0.2836418209104552,18990.0,0.5503350707371556,0.3,4000.0,20457.14285714286,0.3,20457.14285714286,21014.285714285717,inf,10.0,10.0,322100.0,-27.0,True,-0.16666666666666663,1.0,21014.285714285717,15752.000000000002,9.333333333333334,18990,0.8571428571428571,True,False,18990.0,5,0.0,0.6,0.1,0.2,0.1,19990.0,False,False,False,ALGORITMO_ESTRATEGICO,5670.0,28.36418209104552,"⚙️ <b>Algoritmo Estratégico</b><br>Costo: $14,320 | Piso Margen: 30.0%<br>📊 <b>Pesos:</b> 🧑‍💼 Hum: 0% | 🧠 Elast: 60% | 🏢 Estrat: 10% | 📈 Macr: 20% | 📦 Stk: 10%<br>🎯 <b>Capa 8 (Elasticidad):</b> Mercado validó el precio (Retención: 86%). El experto defiende el valor comercial.<br>📦 <b>Capa 5:</b> Blindaje por Bajo Stock (Descuento suspendido para proteger margen).<br>"
7707239270060,OPHTHA FREEGEN GEL 1% OFT X 15 ML (CARBOXIMETICELULOSA),NICHO,2023-11-01,462600,36,388746,-186019,-0.4785,12850,18999,12850,36,0.0,True,-0.4785214007782101,12850.0,-0.4785214007782101,0.4,10000.0,31665.0,0.4,31665.0,31665.0,inf,51.0,51.0,470901.0,15.0,False,0.0,1.0,31665.0,20898.9,36.0,12850,1.0,True,False,12850.0,0,1.0,0.0,0.0,0.0,0.0,12850.0,False,False,False,MANDATO_HUMANO,-6149.0,-47.85214007782101,"🛑 <b>Capa 0: Mandato Humano</b><br>El administrador fijó el precio a $12,850.<br>Inicio de medición de elasticidad para el nuevo ciclo."
7707239270060,OPHTHA FREEGEN GEL 1% OFT X 15 ML (CARBOXIMETICELULOSA),NICHO,2023-12-01,668200,47,561519,-163473,-0.2911,14217,18356,14217,47,0.10638132295719845,True,-0.29113033692058804,14217.0,-0.29113033692058804,0.4,10000.0,30593.333333333336,0.4,30593.333333333336,30593.333333333336,inf,18.0,18.0,282528.0,-14.0,True,0.0,1.0,30593.333333333336,20191.600000000002,36.0,14217,1.3055555555555556,True,False,14217.0,0,1.0,0.0,0.0,0.0,0.0,14217.0,False,False,False,MANDATO_HUMANO,-4139.0,-29.113033692058803,"🛑 <b>Capa 0: Mandato Humano</b><br>El administrador fijó el precio a $14,217.<br>Inicio de medición de elasticidad para el nuevo ciclo."
7707239270060,OPHTHA FREEGEN GEL 1% OFT X 15 ML (CARBOXIMETICELULOSA),NICHO,2024-01-01,719600,54,604714,-250759,-0.4147,13326,18852,13326,54,0.06267144967292677,True,-0.41467807294011705,13326.0,-0.29113033692058804,0.4,10000.0,31420.0,0.4,31420.0,31420.0,inf,92.0,92.0,1130112.0,24.0,True,0.3055555555555556,1.0458333333333334,32860.083333333336,20737.2,41.5,13326,1.3012048192771084,True,False,13326.0,0,1.0,0.0,0.0,0.0,0.0,13326.0,False,False,False,MANDATO_HUMANO,-5526.0,-41.467807294011706,"🛑 <b>Capa 0: Mandato Humano</b><br>El administrador fijó el precio a $13,326.<br>Inicio de medición de elasticidad para el nuevo ciclo."
7707239270060,OPHTHA FREEGEN GEL 1% OFT X 15 ML (CARBOXIMETICELULOSA),NICHO,2024-02-01,736400,55,618826,-258748,-0.4181,13389,18987,13389,55,0.004727600180099055,False,-0.41810441407125254,13326.0,-0.29113033692058804,0.4,10000.0,31645.0,0.4,31645.0,31645.0,inf,45.0,45.0,723580.0,14.0,False,0.14893617021276606,1.0223404255319148,32351.962765957443,20885.7,41.5,13326,1.3253012048192772,True,False,13326.0,1,0.8,0.11999999999999997,0.019999999999999997,0.039999999999999994,0.019999999999999997,14990.0,True,False,True,HIBRIDO_ORQUESTADO,-3997.0,-26.66444296197465,"⚖️ <b>Transición Híbrida</b><br>Costo: $18,987 | Piso Margen: 40.0%<br>📊 <b>Pesos:</b> 🧑‍💼 Hum: 80% | 🧠 Elast: 12% | 🏢 Estrat: 2% | 📈 Macr: 4% | 📦 Stk: 2%<br>🎯 <b>Capa 8 (Elasticidad):</b> Mercado validó el precio (Retención: 133%). El experto defiende el valor comercial.<br>📈 <b>Capa 5:</b> Aceleración de demanda (Captura de margen a 1.02x).<br>🛡️ <b>Capa 6:</b> Blindaje Activo. Precio topó en el límite inferior ($20,886).<br>🚥 <b>Capa 7:</b> Amortiguador Activo. Alza capada al 5% para proteger al cliente.<br>"
7707239270060,OPHTHA FREEGEN GEL 1% OFT X 15 ML (CARBOXIMETICELULOSA),NICHO,2024-03-01,596200,42,501006,-173731,-0.3468,14195,19118,14195,42,0.06019867055045186,True,-0.34681225783726666,14195.0,-0.29113033692058804,0.4,10000.0,31863.333333333336,0.4,31863.333333333336,32277.9,inf,47.0,47.0,778273.0,19.0,False,0.0185185185185186,1.0,32277.9,21029.800000000003,52.0,14195,0.8076923076923077,True,False,14195.0,0,1.0,0.0,0.0,0.0,0.0,14195.0,False,False,False,MANDATO_HUMANO,-4923.0,-34.68122578372667,"🛑 <b>Capa 0: Mandato Humano</b><br>El administrador fijó el precio a $14,195.<br>Inicio de medición de elasticidad para el nuevo ciclo."
7707239270060,OPHTHA FREEGEN GEL 1% OFT X 15 ML (CARBOXIMETICELULOSA),NICHO,2024-04-01,867200,59,728736,-245176,-0.3364,14698,19643,14698,59,0.03543501232828461,False,-0.33644033201796164,14195.0,-0.29113033692058804,0.4,10000.0,32738.333333333336,0.4,32738.333333333336,32738.333333333336,inf,17.0,17.0,1408753.0,-23.0,True,-0.23636363636363633,1.0,32738.333333333336,21607.300000000003,52.0,14195,1.1346153846153846,True,False,14195.0,1,0.8,0.11999999999999997,0.019999999999999997,0.039999999999999994,0.019999999999999997,15990.0,True,False,True,HIBRIDO_ORQUESTADO,-3653.0,-22.84552845528455,"⚖️ <b>Transición Híbrida</b><br>Costo: $19,643 | Piso Margen: 40.0%<br>📊 <b>Pesos:</b> 🧑‍💼 Hum: 80% | 🧠 Elast: 12% | 🏢 Estrat: 2% | 📈 Macr: 4% | 📦 Stk: 2%<br>🎯 <b>Capa 8 (Elasticidad):</b> Mercado validó el precio (Retención: 113%). El experto defiende el valor comercial.<br>📦 <b>Capa 5:</b> Blindaje por Bajo Stock (Descuento suspendido para proteger margen).<br>🛡️ <b>Capa 6:</b> Blindaje Activo. Precio topó en el límite inferior ($21,607).<br>🚥 <b>Capa 7:</b> Amortiguador Activo. Alza capada al 5% para proteger al cliente.<br>"
7707239270060,OPHTHA FREEGEN GEL 1% OFT X 15 ML (CARBOXIMETICELULOSA),NICHO,2024-05-01,298100,18,250503,-55437,-0.2213,16561,20226,16561,18,0.12675193903932508,True,-0.22130306140933517,16561.0,-0.22130306140933517,0.4,10000.0,33710.0,0.4,33710.0,33710.0,inf,30.0,30.0,935165.0,-11.0,True,0.40476190476190466,1.0607142857142857,35756.67857142857,22248.600000000002,52.0,16561,0.34615384615384615,False,True,33710.0,0,1.0,0.0,0.0,0.0,0.0,16561.0,False,False,False,MANDATO_HUMANO,-3665.0,-22.130306140933516,"🛑 <b>Capa 0: Mandato Humano</b><br>El administrador fijó el precio a $16,561.<br>Inicio de medición de elasticidad para el nuevo ciclo."
7707239270060,OPHTHA FREEGEN GEL 1% OFT X 15 ML (CARBOXIMETICELULOSA),NICHO,2024-06-01,298100,22,250503,-124524,-0.4971,13550,20286,13550,22,0.18181269247026147,True,-0.49712177121771217,13550.0,-0.22130306140933517,0.4,10000.0,33810.0,0.4,33810.0,33810.0,inf,0.0,,,-33.0,True,-0.6949152542372881,1.0,33810.0,22314.600000000002,39.666666666666664,13550,0.5546218487394958,False,True,33810.0,0,1.0,0.0,0.0,0.0,0.0,13550.0,False,False,False,MANDATO_HUMANO,-6736.0,-49.71217712177122,"🛑 <b>Capa 0: Mandato Humano</b><br>El administrador fijó el precio a $13,550.<br>Inicio de medición de elasticidad para el nuevo ciclo."
7707239270060,OPHTHA FREEGEN GEL 1% OFT X 15 ML (CARBOXIMETICELULOSA),NICHO,2024-09-01,57400,2,48235,15117,0.3134,28700,19705,28700,2,1.118081180811808,True,0.31341463414634146,28700.0,0.31341463414634146,0.4,10000.0,32841.66666666667,0.4,32841.66666666667,32841.66666666667,inf,0.0,,,-35.0,True,0.22222222222222232,1.0,32841.66666666667,21675.5,33.0,28700,0.06060606060606061,False,True,32841.66666666667,0,1.0,0.0,0.0,0.0,0.0,28700.0,False,False,False,MANDATO_HUMANO,8995.0,31.341463414634145,"🛑 <b>Capa 0: Mandato Humano</b><br>El administrador fijó el precio a $28,700.<br>Inicio de medición de elasticidad para el nuevo ciclo."
7707239270060,OPHTHA FREEGEN GEL 1% OFT X 15 ML (CARBOXIMETICELULOSA),NICHO,2024-10-01,114800,4,96470,30234,0.3134,28700,19705,28700,4,0.0,False,0.31341463414634146,28700.0,0.31341463414634146,0.4,10000.0,32841.66666666667,0.4,32841.66666666667,32841.66666666667,inf,0.0,,,-39.0,True,-0.9090909090909091,1.0,32841.66666666667,21675.5,33.0,28700,0.12121212121212122,False,True,32841.66666666667,1,0.8,0.019999999999999997,0.07999999999999999,0.059999999999999984,0.039999999999999994,29990.0,False,False,False,HIBRIDO_ORQUESTADO,10285.0,34.29476492164055,"⚖️ <b>Transición Híbrida</b><br>Costo: $19,705 | Piso Margen: 40.0%<br>📊 <b>Pesos:</b> 🧑‍💼 Hum: 80% | 🧠 Elast: 2% | 🏢 Estrat: 8% | 📈 Macr: 6% | 📦 Stk: 4%<br>⚠️ <b>Capa 8 (Elasticidad):</b> Rechazo de mercado detectado (Retención: 12%). Se prioriza recuperar volumen.<br>📦 <b>Capa 5:</b> Blindaje por Bajo Stock (Descuento suspendido para proteger margen).<br>"
7707239270060,OPHTHA FREEGEN GEL 1% OFT X 15 ML (CARBOXIMETICELULOSA),NICHO,2024-11-01,143500,5,120588,37793,0.3134,28700,19705,28700,5,0.0,False,0.31341463414634146,28700.0,0.31341463414634146,0.4,10000.0,32841.66666666667,0.4,32841.66666666667,32973.03333333334,inf,4.0,4.0,66236.0,-40.0,True,1.0,1.15,37918.988333333335,21675.5,33.0,28700,0.15151515151515152,False,True,32841.66666666667,2,0.5,0.05,0.2,0.15,0.1,30990.0,False,False,False,HIBRIDO_ORQUESTADO,11285.0,36.41497257179736,"⚖️ <b>Transición Híbrida</b><br>Costo: $19,705 | Piso Margen: 40.0%<br>📊 <b>Pesos:</b> 🧑‍💼 Hum: 50% | 🧠 Elast: 5% | 🏢 Estrat: 20% | 📈 Macr: 15% | 📦 Stk: 10%<br>⚠️ <b>Capa 8 (Elasticidad):</b> Rechazo de mercado detectado (Retención: 15%). Se prioriza recuperar volumen.<br>📈 <b>Capa 5:</b> Aceleración de demanda (Captura de margen a 1.15x).<br>"
7707239270060,OPHTHA FREEGEN GEL 1% OFT X 15 ML (CARBOXIMETICELULOSA),NICHO,2024-12-01,28700,1,24118,7559,0.3134,28700,19705,28700,1,0.0,False,0.31341463414634146,28700.0,0.31341463414634146,0.4,10000.0,32841.66666666667,0.4,32841.66666666667,33104.925466666675,inf,2.0,2.0,33118.0,-39.0,True,0.25,1.0,33104.925466666675,21675.5,33.0,28700,0.030303030303030304,False,True,32841.66666666667,3,0.2,0.08000000000000002,0.32000000000000006,0.24,0.16000000000000003,31990.0,False,False,False,HIBRIDO_ORQUESTADO,12285.0,38.40262582056893,"⚖️ <b>Transición Híbrida</b><br>Costo: $19,705 | Piso Margen: 40.0%<br>📊 <b>Pesos:</b> 🧑‍💼 Hum: 20% | 🧠 Elast: 8% | 🏢 Estrat: 32% | 📈 Macr: 24% | 📦 Stk: 16%<br>⚠️ <b>Capa 8 (Elasticidad):</b> Rechazo de mercado detectado (Retención: 3%). Se prioriza recuperar volumen.<br>"
7707239270060,OPHTHA FREEGEN GEL 1% OFT X 15 ML (CARBOXIMETICELULOSA),NICHO,2025-01-01,66236,4,55661,-10575,-0.19,16559,19705,16559,4,0.4230313588850174,True,-0.18998731807476296,16559.0,0.31341463414634146,0.4,10000.0,32841.66666666667,0.4,32841.66666666667,33733.91905053334,inf,0.0,,,-43.0,True,-0.8,1.0,33733.91905053334,21675.5,3.3333333333333335,16559,1.2,True,False,16559.0,0,1.0,0.0,0.0,0.0,0.0,16559.0,False,False,False,MANDATO_HUMANO,-3146.0,-18.998731807476297,"🛑 <b>Capa 0: Mandato Humano</b><br>El administrador fijó el precio a $16,559.<br>Inicio de medición de elasticidad para el nuevo ciclo."
7707239270060,OPHTHA FREEGEN GEL 1% OFT X 15 ML (CARBOXIMETICELULOSA),NICHO,2026-05-01,94800,7,79665,-62575,-0.7855,13543,24180,13543,7,0.18213660245183888,True,-0.7854242043860297,13543.0,0.31341463414634146,0.4,10000.0,40300.0,0.4,40300.0,40300.0,inf,0.0,,,-50.0,True,3.0,1.15,46345.0,26598.000000000004,3.3333333333333335,13543,2.1,True,False,13543.0,0,1.0,0.0,0.0,0.0,0.0,13543.0,False,False,False,MANDATO_HUMANO,-10637.0,-78.54242043860296,"🛑 <b>Capa 0: Mandato Humano</b><br>El administrador fijó el precio a $13,543.<br>Inicio de medición de elasticidad para el nuevo ciclo."
7707239270060,OPHTHA FREEGEN GEL 1% OFT X 15 ML (CARBOXIMETICELULOSA),NICHO,2026-06-01,160990,9,135286,-47594,-0.3518,17888,24181,17888,9,0.32082994905117035,True,-0.3518000894454383,17888.0,0.31341463414634146,0.4,10000.0,40301.66666666667,0.4,40301.66666666667,40301.66666666667,inf,0.0,,,-59.0,True,0.75,1.1125,44835.60416666667,26599.100000000002,4.0,17888,2.25,True,False,17888.0,0,1.0,0.0,0.0,0.0,0.0,17888.0,False,False,False,MANDATO_HUMANO,-6293.0,-35.18000894454383,"🛑 <b>Capa 0: Mandato Humano</b><br>El administrador fijó el precio a $17,888.<br>Inicio de medición de elasticidad para el nuevo ciclo."
7707239270060,OPHTHA FREEGEN GEL 1% OFT X 15 ML (CARBOXIMETICELULOSA),NICHO,2026-07-01,94799,7,79664,-60196,-0.7556,13543,23776,13543,7,0.24290026833631484,True,-0.7555932954293731,13543.0,0.31341463414634146,0.4,10000.0,39626.66666666667,0.4,39626.66666666667,39626.66666666667,inf,6.0,6.0,119880.0,-60.0,True,0.2857142857142858,1.042857142857143,41324.95238095239,26153.600000000002,6.666666666666667,13543,1.05,True,False,13543.0,0,1.0,0.0,0.0,0.0,0.0,13543.0,False,False,False,MANDATO_HUMANO,-10233.0,-75.55932954293732,"🛑 <b>Capa 0: Mandato Humano</b><br>El administrador fijó el precio a $13,543.<br>Inicio de medición de elasticidad para el nuevo ciclo."
7707239270060,OPHTHA FREEGEN GEL 1% OFT X 15 ML (CARBOXIMETICELULOSA),NICHO,2026-08-01,189600,14,159330,-113742,-0.7139,13543,23211,13543,14,0.0,False,-0.7138743262201875,13543.0,0.31341463414634146,0.4,10000.0,38685.0,0.4,38685.0,38685.0,inf,12.0,12.0,232560.0,-62.0,True,-0.2222222222222222,1.0,38685.0,25532.100000000002,6.666666666666667,13543,2.1,True,False,13543.0,1,0.8,0.11999999999999997,0.019999999999999997,0.039999999999999994,0.019999999999999997,15990.0,True,False,True,HIBRIDO_ORQUESTADO,-7221.0,-45.15947467166979,"⚖️ <b>Transición Híbrida</b><br>Costo: $23,211 | Piso Margen: 40.0%<br>📊 <b>Pesos:</b> 🧑‍💼 Hum: 80% | 🧠 Elast: 12% | 🏢 Estrat: 2% | 📈 Macr: 4% | 📦 Stk: 2%<br>🎯 <b>Capa 8 (Elasticidad):</b> Mercado validó el precio (Retención: 210%). El experto defiende el valor comercial.<br>📦 <b>Capa 5:</b> Blindaje por Bajo Stock (Descuento suspendido para proteger margen).<br>🛡️ <b>Capa 6:</b> Blindaje Activo. Precio topó en el límite inferior ($25,532).<br>🚥 <b>Capa 7:</b> Amortiguador Activo. Alza capada al 5% para proteger al cliente.<br>"
7707239270060,OPHTHA FREEGEN GEL 1% OFT X 15 ML (CARBOXIMETICELULOSA),NICHO,2026-09-01,63200,4,53110,-24594,-0.4631,15800,23117,15800,4,0.166654360186074,True,-0.4631012658227848,15800.0,0.31341463414634146,0.4,10000.0,38528.333333333336,0.4,38528.333333333336,38685.0,inf,12.0,12.0,238500.0,-54.0,True,1.0,1.0,38685.0,25428.7,10.0,15800,0.4,False,True,38528.333333333336,0,1.0,0.0,0.0,0.0,0.0,15800.0,False,False,False,MANDATO_HUMANO,-7317.0,-46.310126582278485,"🛑 <b>Capa 0: Mandato Humano</b><br>El administrador fijó el precio a $15,800.<br>Inicio de medición de elasticidad para el nuevo ciclo."
7896226503806,PROLOPA 200/50 MG X 30 COMP (LEVODOPA/BENSERAZIDA),KVI_KNOWN_VALUE_ITEM,2023-11-01,288140,26,242135,131141,0.5416,11082,5080,11082,26,0.0,True,0.5415989893521025,11082.0,0.5415989893521025,0.25,30000.0,6773.333333333333,0.43327919148168204,11082.0,11082.0,inf,40.0,40.0,171680.0,14.0,False,0.0,1.0,11082.0,5588.0,26.0,11082,1.0,True,False,11082.0,0,1.0,0.0,0.0,0.0,0.0,11082.0,False,False,False,MANDATO_HUMANO,6002.0,54.15989893521025,"🛑 <b>Capa 0: Mandato Humano</b><br>El administrador fijó el precio a $11,082.<br>Inicio de medición de elasticidad para el nuevo ciclo."
7896226503806,PROLOPA 200/50 MG X 30 COMP (LEVODOPA/BENSERAZIDA),KVI_KNOWN_VALUE_ITEM,2023-12-01,331240,28,278350,158445,0.5692,11830,5096,11830,28,0.06749684172532033,True,0.5692307692307692,11830.0,0.5692307692307692,0.25,30000.0,6794.666666666667,0.4553846153846154,11830.0,11830.0,inf,40.0,40.0,171680.0,26.0,False,0.0,1.0,11830.0,5605.6,26.0,11830,1.0769230769230769,True,False,11830.0,0,1.0,0.0,0.0,0.0,0.0,11830.0,False,False,False,MANDATO_HUMANO,6734.0,56.92307692307692,"🛑 <b>Capa 0: Mandato Humano</b><br>El administrador fijó el precio a $11,830.<br>Inicio de medición de elasticidad para el nuevo ciclo."
7896226503806,PROLOPA 200/50 MG X 30 COMP (LEVODOPA/BENSERAZIDA),KVI_KNOWN_VALUE_ITEM,2024-01-01,224770,19,188880,107421,0.5687,11830,5102,11830,19,0.0,False,0.5687235841081995,11830.0,0.5692307692307692,0.25,30000.0,6802.666666666667,0.4553846153846154,11830.0,11830.0,inf,0.0,,,7.0,False,0.07692307692307687,1.0115384615384615,11966.5,5612.200000000001,26.0,11830,0.7307692307692307,True,False,11830.0,1,0.8,0.11999999999999997,0.019999999999999997,0.039999999999999994,0.019999999999999997,11990.0,False,False,False,HIBRIDO_ORQUESTADO,6888.0,57.44787322768974,"⚖️ <b>Transición Híbrida</b><br>Costo: $5,102 | Piso Margen: 25.0%<br>📊 <b>Pesos:</b> 🧑‍💼 Hum: 80% | 🧠 Elast: 12% | 🏢 Estrat: 2% | 📈 Macr: 4% | 📦 Stk: 2%<br>🎯 <b>Capa 8 (Elasticidad):</b> Mercado validó el precio (Retención: 73%). El experto defiende el valor comercial.<br>📈 <b>Capa 5:</b> Aceleración de demanda (Captura de margen a 1.01x).<br>"
7896226503806,PROLOPA 200/50 MG X 30 COMP (LEVODOPA/BENSERAZIDA),KVI_KNOWN_VALUE_ITEM,2024-02-01,248430,21,208763,118730,0.5687,11830,5102,11830,21,0.0,False,0.5687235841081995,11830.0,0.5692307692307692,0.25,30000.0,6802.666666666667,0.4553846153846154,11830.0,11889.15,inf,0.0,,,-14.0,True,-0.3214285714285714,1.0,11889.15,5612.200000000001,26.0,11830,0.8076923076923077,True,False,11830.0,2,0.5,0.3,0.05,0.1,0.05,11990.0,False,False,False,HIBRIDO_ORQUESTADO,6888.0,57.44787322768974,"⚖️ <b>Transición Híbrida</b><br>Costo: $5,102 | Piso Margen: 25.0%<br>📊 <b>Pesos:</b> 🧑‍💼 Hum: 50% | 🧠 Elast: 30% | 🏢 Estrat: 5% | 📈 Macr: 10% | 📦 Stk: 5%<br>🎯 <b>Capa 8 (Elasticidad):</b> Mercado validó el precio (Retención: 81%). El experto defiende el valor comercial.<br>📦 <b>Capa 5:</b> Blindaje por Bajo Stock (Descuento suspendido para proteger margen).<br>"
7896226503806,PROLOPA 200/50 MG X 30 COMP (LEVODOPA/BENSERAZIDA),KVI_KNOWN_VALUE_ITEM,2024-03-01,189280,16,159058,90463,0.5687,11830,5102,11830,16,0.0,False,0.5687235841081995,11830.0,0.5692307692307692,0.25,30000.0,6802.666666666667,0.4553846153846154,11830.0,12126.932999999999,inf,20.0,20.0,79160.0,-10.0,True,0.10526315789473695,1.0157894736842106,12318.410889473684,5612.200000000001,26.0,11830,0.6153846153846154,False,True,11830.0,3,0.2,0.08000000000000002,0.32000000000000006,0.24,0.16000000000000003,9990.0,False,False,False,HIBRIDO_ORQUESTADO,4888.0,48.928928928928926,"⚖️ <b>Transición Híbrida</b><br>Costo: $5,102 | Piso Margen: 25.0%<br>📊 <b>Pesos:</b> 🧑‍💼 Hum: 20% | 🧠 Elast: 8% | 🏢 Estrat: 32% | 📈 Macr: 24% | 📦 Stk: 16%<br>⚠️ <b>Capa 8 (Elasticidad):</b> Rechazo de mercado detectado (Retención: 62%). Se prioriza recuperar volumen.<br>📈 <b>Capa 5:</b> Aceleración de demanda (Captura de margen a 1.02x).<br>"
7896226503806,PROLOPA 200/50 MG X 30 COMP (LEVODOPA/BENSERAZIDA),KVI_KNOWN_VALUE_ITEM,2024-04-01,189280,16,159057,92415,0.581,11830,4957,11830,16,0.0,False,0.5809805579036348,11830.0,0.5692307692307692,0.25,30000.0,6609.333333333333,0.4553846153846154,11830.0,12199.694598,inf,20.0,20.0,85840.0,-6.0,True,-0.23809523809523814,1.0,12199.694598,5452.700000000001,26.0,11830,0.6153846153846154,False,True,11830.0,4,0.0,0.1,0.4,0.3,0.2,9990.0,False,False,False,ALGORITMO_ESTRATEGICO,5033.0,50.38038038038039,"⚙️ <b>Algoritmo Estratégico</b><br>Costo: $4,957 | Piso Margen: 25.0%<br>📊 <b>Pesos:</b> 🧑‍💼 Hum: 0% | 🧠 Elast: 10% | 🏢 Estrat: 40% | 📈 Macr: 30% | 📦 Stk: 20%<br>⚠️ <b>Capa 8 (Elasticidad):</b> Rechazo de mercado detectado (Retención: 62%). Se prioriza recuperar volumen.<br>📦 <b>Capa 5:</b> Blindaje por Bajo Stock (Descuento suspendido para proteger margen).<br>"
7896226503806,PROLOPA 200/50 MG X 30 COMP (LEVODOPA/BENSERAZIDA),KVI_KNOWN_VALUE_ITEM,2024-05-01,236600,20,198822,114964,0.5782,11830,4990,11830,20,0.0,False,0.5781910397295013,11830.0,0.5692307692307692,0.25,30000.0,6653.333333333333,0.4553846153846154,11830.0,12199.694598,inf,0.0,,,-26.0,True,0.0,1.0,12199.694598,5489.0,26.0,11830,0.7692307692307693,True,False,11830.0,5,0.0,0.6,0.1,0.2,0.1,9990.0,False,False,True,ALGORITMO_ESTRATEGICO,5000.0,50.050050050050054,"⚙️ <b>Algoritmo Estratégico</b><br>Costo: $4,990 | Piso Margen: 25.0%<br>📊 <b>Pesos:</b> 🧑‍💼 Hum: 0% | 🧠 Elast: 60% | 🏢 Estrat: 10% | 📈 Macr: 20% | 📦 Stk: 10%<br>🎯 <b>Capa 8 (Elasticidad):</b> Mercado validó el precio (Retención: 77%). El experto defiende el valor comercial.<br>🚥 <b>Capa 7:</b> Amortiguador Activo. Alza capada al 5% para proteger al cliente.<br>"
7896226503806,PROLOPA 200/50 MG X 30 COMP (LEVODOPA/BENSERAZIDA),KVI_KNOWN_VALUE_ITEM,2024-06-01,141960,12,119293,68978,0.5782,11830,4990,11830,12,0.0,False,0.5781910397295013,11830.0,0.5692307692307692,0.25,30000.0,6653.333333333333,0.4553846153846154,11830.0,12211.894292597999,inf,40.0,40.0,171680.0,2.0,True,0.25,1.0375,12669.840328570424,5489.0,26.0,11830,0.46153846153846156,False,True,11830.0,6,0.0,0.1,0.4,0.3,0.2,9990.0,False,False,False,ALGORITMO_ESTRATEGICO,5000.0,50.050050050050054,"⚙️ <b>Algoritmo Estratégico</b><br>Costo: $4,990 | Piso Margen: 25.0%<br>📊 <b>Pesos:</b> 🧑‍💼 Hum: 0% | 🧠 Elast: 10% | 🏢 Estrat: 40% | 📈 Macr: 30% | 📦 Stk: 20%<br>⚠️ <b>Capa 8 (Elasticidad):</b> Rechazo de mercado detectado (Retención: 46%). Se prioriza recuperar volumen.<br>📈 <b>Capa 5:</b> Aceleración de demanda (Captura de margen a 1.04x).<br>"
7896226503806,PROLOPA 200/50 MG X 30 COMP (LEVODOPA/BENSERAZIDA),KVI_KNOWN_VALUE_ITEM,2024-07-01,366730,31,308175,175799,0.5705,11830,5082,11830,31,0.0,False,0.570414201183432,11830.0,0.5692307692307692,0.25,30000.0,6776.0,0.4553846153846154,11830.0,12346.225129816576,inf,0.0,,,-29.0,True,-0.4,1.0,12346.225129816576,5590.200000000001,26.0,11830,1.1923076923076923,True,False,11830.0,7,0.0,0.6,0.1,0.2,0.1,9990.0,False,False,True,ALGORITMO_ESTRATEGICO,4908.0,49.129129129129126,"⚙️ <b>Algoritmo Estratégico</b><br>Costo: $5,082 | Piso Margen: 25.0%<br>📊 <b>Pesos:</b> 🧑‍💼 Hum: 0% | 🧠 Elast: 60% | 🏢 Estrat: 10% | 📈 Macr: 20% | 📦 Stk: 10%<br>🎯 <b>Capa 8 (Elasticidad):</b> Mercado validó el precio (Retención: 119%). El experto defiende el valor comercial.<br>📦 <b>Capa 5:</b> Blindaje por Bajo Stock (Descuento suspendido para proteger margen).<br>🚥 <b>Capa 7:</b> Amortiguador Activo. Alza capada al 5% para proteger al cliente.<br>"
7896226503806,PROLOPA 200/50 MG X 30 COMP (LEVODOPA/BENSERAZIDA),KVI_KNOWN_VALUE_ITEM,2024-08-01,331240,28,278352,158567,0.5697,11830,5091,11830,28,0.0,False,0.5696534234995774,11830.0,0.5692307692307692,0.25,30000.0,6788.0,0.4553846153846154,11830.0,12235.109103648227,inf,30.0,30.0,128760.0,-27.0,True,1.5833333333333335,1.15,14070.37546919546,5600.1,26.0,11830,1.0769230769230769,True,False,11830.0,8,0.0,0.6,0.1,0.2,0.1,9990.0,False,False,True,ALGORITMO_ESTRATEGICO,4899.0,49.03903903903904,"⚙️ <b>Algoritmo Estratégico</b><br>Costo: $5,091 | Piso Margen: 25.0%<br>📊 <b>Pesos:</b> 🧑‍💼 Hum: 0% | 🧠 Elast: 60% | 🏢 Estrat: 10% | 📈 Macr: 20% | 📦 Stk: 10%<br>🎯 <b>Capa 8 (Elasticidad):</b> Mercado validó el precio (Retención: 108%). El experto defiende el valor comercial.<br>📈 <b>Capa 5:</b> Aceleración de demanda (Captura de margen a 1.15x).<br>🚥 <b>Capa 7:</b> Amortiguador Activo. Alza capada al 5% para proteger al cliente.<br>"
7896226503806,PROLOPA 200/50 MG X 30 COMP (LEVODOPA/BENSERAZIDA),KVI_KNOWN_VALUE_ITEM,2024-09-01,70980,6,59646,33900,0.5684,11830,5106,11830,6,0.0,False,0.568385460693153,11830.0,0.5692307692307692,0.25,30000.0,6808.0,0.4553846153846154,11830.0,12443.105958410246,inf,40.0,40.0,171680.0,7.0,True,-0.09677419354838712,1.0,12443.105958410246,5616.6,26.0,11830,0.23076923076923078,False,True,11830.0,9,0.0,0.1,0.4,0.3,0.2,9990.0,False,False,False,ALGORITMO_ESTRATEGICO,4884.0,48.888888888888886,"⚙️ <b>Algoritmo Estratégico</b><br>Costo: $5,106 | Piso Margen: 25.0%<br>📊 <b>Pesos:</b> 🧑‍💼 Hum: 0% | 🧠 Elast: 10% | 🏢 Estrat: 40% | 📈 Macr: 30% | 📦 Stk: 20%<br>⚠️ <b>Capa 8 (Elasticidad):</b> Rechazo de mercado detectado (Retención: 23%). Se prioriza recuperar volumen.<br>📦 <b>Capa 5:</b> Blindaje por Bajo Stock (Descuento suspendido para proteger margen).<br>"
7896226503806,PROLOPA 200/50 MG X 30 COMP (LEVODOPA/BENSERAZIDA),KVI_KNOWN_VALUE_ITEM,2024-10-01,118300,10,99411,56495,0.5683,11830,5107,11830,10,0.0,False,0.5683009298393914,11830.0,0.5692307692307692,0.25,30000.0,6809.333333333333,0.4553846153846154,11830.0,12579.980123952757,inf,0.0,,,-3.0,True,-0.7857142857142857,1.0,12579.980123952757,5617.700000000001,26.0,11830,0.38461538461538464,False,True,11830.0,10,0.0,0.1,0.4,0.3,0.2,9990.0,False,False,False,ALGORITMO_ESTRATEGICO,4883.0,48.87887887887888,"⚙️ <b>Algoritmo Estratégico</b><br>Costo: $5,107 | Piso Margen: 25.0%<br>📊 <b>Pesos:</b> 🧑‍💼 Hum: 0% | 🧠 Elast: 10% | 🏢 Estrat: 40% | 📈 Macr: 30% | 📦 Stk: 20%<br>⚠️ <b>Capa 8 (Elasticidad):</b> Rechazo de mercado detectado (Retención: 38%). Se prioriza recuperar volumen.<br>📦 <b>Capa 5:</b> Blindaje por Bajo Stock (Descuento suspendido para proteger margen).<br>"
7896226503806,PROLOPA 200/50 MG X 30 COMP (LEVODOPA/BENSERAZIDA),KVI_KNOWN_VALUE_ITEM,2024-11-01,236600,20,198822,112987,0.5683,11830,5107,11830,20,0.0,False,0.5683009298393914,11830.0,0.5692307692307692,0.25,30000.0,6809.333333333333,0.4553846153846154,11830.0,12630.300044448568,inf,8.0,8.0,34336.0,-15.0,True,0.6666666666666667,1.1,13893.330048893426,5617.700000000001,26.0,11830,0.7692307692307693,True,False,11830.0,11,0.0,0.6,0.1,0.2,0.1,9990.0,False,False,True,ALGORITMO_ESTRATEGICO,4883.0,48.87887887887888,"⚙️ <b>Algoritmo Estratégico</b><br>Costo: $5,107 | Piso Margen: 25.0%<br>📊 <b>Pesos:</b> 🧑‍💼 Hum: 0% | 🧠 Elast: 60% | 🏢 Estrat: 10% | 📈 Macr: 20% | 📦 Stk: 10%<br>🎯 <b>Capa 8 (Elasticidad):</b> Mercado validó el precio (Retención: 77%). El experto defiende el valor comercial.<br>📈 <b>Capa 5:</b> Aceleración de demanda (Captura de margen a 1.10x).<br>🚥 <b>Capa 7:</b> Amortiguador Activo. Alza capada al 5% para proteger al cliente.<br>"
7896226503806,PROLOPA 200/50 MG X 30 COMP (LEVODOPA/BENSERAZIDA),KVI_KNOWN_VALUE_ITEM,2024-12-01,283920,24,238586,135581,0.5683,11830,5107,11830,24,0.0,False,0.5683009298393914,11830.0,0.5692307692307692,0.25,30000.0,6809.333333333333,0.4553846153846154,11830.0,12680.821244626362,inf,10.0,10.0,42920.0,-29.0,True,1.0,1.15,14582.944431320315,5617.700000000001,26.0,11830,0.9230769230769231,True,False,11830.0,12,0.0,0.6,0.1,0.2,0.1,9990.0,False,False,True,ALGORITMO_ESTRATEGICO,4883.0,48.87887887887888,"⚙️ <b>Algoritmo Estratégico</b><br>Costo: $5,107 | Piso Margen: 25.0%<br>📊 <b>Pesos:</b> 🧑‍💼 Hum: 0% | 🧠 Elast: 60% | 🏢 Estrat: 10% | 📈 Macr: 20% | 📦 Stk: 10%<br>🎯 <b>Capa 8 (Elasticidad):</b> Mercado validó el precio (Retención: 92%). El experto defiende el valor comercial.<br>📈 <b>Capa 5:</b> Aceleración de demanda (Captura de margen a 1.15x).<br>🚥 <b>Capa 7:</b> Amortiguador Activo. Alza capada al 5% para proteger al cliente.<br>"
7896226503806,PROLOPA 200/50 MG X 30 COMP (LEVODOPA/BENSERAZIDA),KVI_KNOWN_VALUE_ITEM,2025-01-01,212940,18,178939,101686,0.5683,11830,5107,11830,18,0.0,False,0.5683009298393914,11830.0,0.5692307692307692,0.25,30000.0,6809.333333333333,0.4553846153846154,11830.0,12921.756848274263,inf,20.0,20.0,85840.0,-27.0,True,0.19999999999999996,1.03,13309.409553722491,5617.700000000001,26.0,11830,0.6923076923076923,False,True,11830.0,13,0.0,0.1,0.4,0.3,0.2,9990.0,False,False,False,ALGORITMO_ESTRATEGICO,4883.0,48.87887887887888,"⚙️ <b>Algoritmo Estratégico</b><br>Costo: $5,107 | Piso Margen: 25.0%<br>📊 <b>Pesos:</b> 🧑‍💼 Hum: 0% | 🧠 Elast: 10% | 🏢 Estrat: 40% | 📈 Macr: 30% | 📦 Stk: 20%<br>⚠️ <b>Capa 8 (Elasticidad):</b> Rechazo de mercado detectado (Retención: 69%). Se prioriza recuperar volumen.<br>📈 <b>Capa 5:</b> Aceleración de demanda (Captura de margen a 1.03x).<br>"
7896226503806,PROLOPA 200/50 MG X 30 COMP (LEVODOPA/BENSERAZIDA),KVI_KNOWN_VALUE_ITEM,2025-02-01,236600,20,198823,112985,0.5683,11830,5107,11830,20,0.0,False,0.5683009298393914,11830.0,0.5692307692307692,0.25,30000.0,6809.333333333333,0.4553846153846154,11830.0,12960.522118819084,inf,18.0,18.0,77256.0,-29.0,True,-0.25,1.0,12960.522118819084,5617.700000000001,26.0,11830,0.7692307692307693,True,False,11830.0,14,0.0,0.6,0.1,0.2,0.1,9990.0,False,False,True,ALGORITMO_ESTRATEGICO,4883.0,48.87887887887888,"⚙️ <b>Algoritmo Estratégico</b><br>Costo: $5,107 | Piso Margen: 25.0%<br>📊 <b>Pesos:</b> 🧑‍💼 Hum: 0% | 🧠 Elast: 60% | 🏢 Estrat: 10% | 📈 Macr: 20% | 📦 Stk: 10%<br>🎯 <b>Capa 8 (Elasticidad):</b> Mercado validó el precio (Retención: 77%). El experto defiende el valor comercial.<br>📦 <b>Capa 5:</b> Blindaje por Bajo Stock (Descuento suspendido para proteger margen).<br>🚥 <b>Capa 7:</b> Amortiguador Activo. Alza capada al 5% para proteger al cliente.<br>"
7896226503806,PROLOPA 200/50 MG X 30 COMP (LEVODOPA/BENSERAZIDA),KVI_KNOWN_VALUE_ITEM,2025-03-01,70980,6,59646,33940,0.569,11830,5098,11830,6,0.0,False,0.569061707523246,11830.0,0.5692307692307692,0.25,30000.0,6797.333333333333,0.4553846153846154,11830.0,12973.482640937902,inf,4.0,4.0,16844.0,-31.0,True,0.11111111111111116,1.0166666666666666,13189.7073516202,5607.8,26.0,11830,0.23076923076923078,False,True,11830.0,15,0.0,0.1,0.4,0.3,0.2,9990.0,False,False,False,ALGORITMO_ESTRATEGICO,4892.0,48.968968968968966,"⚙️ <b>Algoritmo Estratégico</b><br>Costo: $5,098 | Piso Margen: 25.0%<br>📊 <b>Pesos:</b> 🧑‍💼 Hum: 0% | 🧠 Elast: 10% | 🏢 Estrat: 40% | 📈 Macr: 30% | 📦 Stk: 20%<br>⚠️ <b>Capa 8 (Elasticidad):</b> Rechazo de mercado detectado (Retención: 23%). Se prioriza recuperar volumen.<br>📈 <b>Capa 5:</b> Aceleración de demanda (Captura de margen a 1.02x).<br>"
7896226503806,PROLOPA 200/50 MG X 30 COMP (LEVODOPA/BENSERAZIDA),KVI_KNOWN_VALUE_ITEM,2025-04-01,201110,17,168999,96298,0.5698,11830,5089,11830,17,0.0,False,0.5698224852071005,11830.0,0.5692307692307692,0.25,30000.0,6785.333333333333,0.4553846153846154,11830.0,12986.456123578839,inf,0.0,,,-48.0,True,-0.7,1.0,12986.456123578839,5597.900000000001,26.0,11830,0.6538461538461539,False,True,11830.0,16,0.0,0.1,0.4,0.3,0.2,9990.0,False,False,False,ALGORITMO_ESTRATEGICO,4901.0,49.05905905905906,"⚙️ <b>Algoritmo Estratégico</b><br>Costo: $5,089 | Piso Margen: 25.0%<br>📊 <b>Pesos:</b> 🧑‍💼 Hum: 0% | 🧠 Elast: 10% | 🏢 Estrat: 40% | 📈 Macr: 30% | 📦 Stk: 20%<br>⚠️ <b>Capa 8 (Elasticidad):</b> Rechazo de mercado detectado (Retención: 65%). Se prioriza recuperar volumen.<br>📦 <b>Capa 5:</b> Blindaje por Bajo Stock (Descuento suspendido para proteger margen).<br>"
7896226503806,PROLOPA 200/50 MG X 30 COMP (LEVODOPA/BENSERAZIDA),KVI_KNOWN_VALUE_ITEM,2025-05-01,71500,4,60084,12488,0.2078,17875,14160,17875,4,0.510989010989011,True,0.20783216783216782,17875.0,0.5692307692307692,0.25,30000.0,18880.0,0.4553846153846154,26000.0,26000.0,inf,12.0,12.0,173280.0,-40.0,True,1.8333333333333335,1.0,26000.0,15576.000000000002,14.333333333333334,17875,0.27906976744186046,False,True,26000.0,0,1.0,0.0,0.0,0.0,0.0,17875.0,False,False,False,MANDATO_HUMANO,3715.0,20.783216783216783,"🛑 <b>Capa 0: Mandato Humano</b><br>El administrador fijó el precio a $17,875.<br>Inicio de medición de elasticidad para el nuevo ciclo."
7896226503806,PROLOPA 200/50 MG X 30 COMP (LEVODOPA/BENSERAZIDA),KVI_KNOWN_VALUE_ITEM,2025-06-01,179010,9,150428,20576,0.1368,19890,17169,19890,9,0.11272727272727273,True,0.13680241327300152,19890.0,0.5692307692307692,0.25,30000.0,22892.0,0.4553846153846154,31525.0,31525.0,inf,12.0,12.0,173080.0,-37.0,True,-0.7647058823529411,1.0,31525.0,18885.9,9.0,19890,1.0,True,False,19890.0,0,1.0,0.0,0.0,0.0,0.0,19890.0,False,False,False,MANDATO_HUMANO,2721.0,13.680241327300152,"🛑 <b>Capa 0: Mandato Humano</b><br>El administrador fijó el precio a $19,890.<br>Inicio de medición de elasticidad para el nuevo ciclo."
7896226503806,PROLOPA 200/50 MG X 30 COMP (LEVODOPA/BENSERAZIDA),KVI_KNOWN_VALUE_ITEM,2025-07-01,19890,1,16714,2282,0.1365,19890,17174,19890,1,0.0,False,0.13655103066867771,19890.0,0.5692307692307692,0.25,30000.0,22898.666666666668,0.4553846153846154,31534.18079096045,31534.18079096045,inf,5.0,5.0,72950.0,-33.0,True,1.25,1.0,31534.18079096045,18891.4,9.0,19890,0.1111111111111111,False,True,31534.18079096045,1,0.8,0.019999999999999997,0.07999999999999999,0.059999999999999984,0.039999999999999994,20990.0,False,False,True,HIBRIDO_ORQUESTADO,3816.0,18.180085755121485,"⚖️ <b>Transición Híbrida</b><br>Costo: $17,174 | Piso Margen: 25.0%<br>📊 <b>Pesos:</b> 🧑‍💼 Hum: 80% | 🧠 Elast: 2% | 🏢 Estrat: 8% | 📈 Macr: 6% | 📦 Stk: 4%<br>⚠️ <b>Capa 8 (Elasticidad):</b> Rechazo de mercado detectado (Retención: 11%). Se prioriza recuperar volumen.<br>🚥 <b>Capa 7:</b> Amortiguador Activo. Alza capada al 5% para proteger al cliente.<br>"
7896226503806,PROLOPA 200/50 MG X 30 COMP (LEVODOPA/BENSERAZIDA),KVI_KNOWN_VALUE_ITEM,2025-08-01,19890,1,16714,2232,0.1335,19890,17234,19890,1,0.0,False,0.13353443941679236,19890.0,0.5692307692307692,0.25,30000.0,22978.666666666668,0.4553846153846154,31644.350282485877,31644.350282485877,inf,0.0,,,-34.0,True,-0.8888888888888888,1.0,31644.350282485877,18957.4,9.0,19890,0.1111111111111111,False,True,31644.350282485877,2,0.5,0.05,0.2,0.15,0.1,21990.0,False,False,True,HIBRIDO_ORQUESTADO,4756.0,21.62801273306048,"⚖️ <b>Transición Híbrida</b><br>Costo: $17,234 | Piso Margen: 25.0%<br>📊 <b>Pesos:</b> 🧑‍💼 Hum: 50% | 🧠 Elast: 5% | 🏢 Estrat: 20% | 📈 Macr: 15% | 📦 Stk: 10%<br>⚠️ <b>Capa 8 (Elasticidad):</b> Rechazo de mercado detectado (Retención: 11%). Se prioriza recuperar volumen.<br>📦 <b>Capa 5:</b> Blindaje por Bajo Stock (Descuento suspendido para proteger margen).<br>🚥 <b>Capa 7:</b> Amortiguador Activo. Alza capada al 5% para proteger al cliente.<br>"
7896226503806,PROLOPA 200/50 MG X 30 COMP (LEVODOPA/BENSERAZIDA),KVI_KNOWN_VALUE_ITEM,2025-09-01,39780,2,33428,4464,0.1335,19890,17234,19890,2,0.0,False,0.13353443941679236,19890.0,0.5692307692307692,0.25,30000.0,22978.666666666668,0.4553846153846154,31644.350282485877,31802.572033898305,inf,2.0,2.0,11966.0,-34.0,True,0.0,1.0,31802.572033898305,18957.4,9.0,19890,0.2222222222222222,False,True,31644.350282485877,3,0.2,0.08000000000000002,0.32000000000000006,0.24,0.16000000000000003,22990.0,False,False,True,HIBRIDO_ORQUESTADO,5756.0,25.036972596781208,"⚖️ <b>Transición Híbrida</b><br>Costo: $17,234 | Piso Margen: 25.0%<br>📊 <b>Pesos:</b> 🧑‍💼 Hum: 20% | 🧠 Elast: 8% | 🏢 Estrat: 32% | 📈 Macr: 24% | 📦 Stk: 16%<br>⚠️ <b>Capa 8 (Elasticidad):</b> Rechazo de mercado detectado (Retención: 22%). Se prioriza recuperar volumen.<br>🚥 <b>Capa 7:</b> Amortiguador Activo. Alza capada al 5% para proteger al cliente.<br>"
7896226503806,PROLOPA 200/50 MG X 30 COMP (LEVODOPA/BENSERAZIDA),KVI_KNOWN_VALUE_ITEM,2025-10-01,278460,14,234000,47123,0.2014,19890,15885,19890,14,0.0,False,0.20135746606334842,19890.0,0.5692307692307692,0.25,30000.0,21180.0,0.4553846153846154,29167.372881355932,31452.743741525424,inf,10.0,10.0,146000.0,-38.0,True,1.0,1.0,31452.743741525424,17473.5,9.0,19890,1.5555555555555556,True,False,19890.0,4,0.0,0.6,0.1,0.2,0.1,22990.0,False,False,False,ALGORITMO_ESTRATEGICO,7105.0,30.90474119182253,"⚙️ <b>Algoritmo Estratégico</b><br>Costo: $15,885 | Piso Margen: 25.0%<br>📊 <b>Pesos:</b> 🧑‍💼 Hum: 0% | 🧠 Elast: 60% | 🏢 Estrat: 10% | 📈 Macr: 20% | 📦 Stk: 10%<br>🎯 <b>Capa 8 (Elasticidad):</b> Mercado validó el precio (Retención: 156%). El experto defiende el valor comercial.<br>"
7896226503806,PROLOPA 200/50 MG X 30 COMP (LEVODOPA/BENSERAZIDA),KVI_KNOWN_VALUE_ITEM,2025-11-01,139230,7,117000,15596,0.1333,19890,17239,19890,7,0.0,False,0.13328305681246858,19890.0,0.5692307692307692,0.25,30000.0,22985.333333333332,0.4553846153846154,31653.531073446327,31861.629410165253,inf,6.0,6.0,87600.0,-39.0,True,6.0,1.15,36640.87382169004,18962.9,9.0,19890,0.7777777777777778,True,False,19890.0,5,0.0,0.6,0.1,0.2,0.1,23990.0,False,False,True,ALGORITMO_ESTRATEGICO,6751.0,28.140892038349314,"⚙️ <b>Algoritmo Estratégico</b><br>Costo: $17,239 | Piso Margen: 25.0%<br>📊 <b>Pesos:</b> 🧑‍💼 Hum: 0% | 🧠 Elast: 60% | 🏢 Estrat: 10% | 📈 Macr: 20% | 📦 Stk: 10%<br>🎯 <b>Capa 8 (Elasticidad):</b> Mercado validó el precio (Retención: 78%). El experto defiende el valor comercial.<br>📈 <b>Capa 5:</b> Aceleración de demanda (Captura de margen a 1.15x).<br>🚥 <b>Capa 7:</b> Amortiguador Activo. Alza capada al 5% para proteger al cliente.<br>"
7896226503806,PROLOPA 200/50 MG X 30 COMP (LEVODOPA/BENSERAZIDA),KVI_KNOWN_VALUE_ITEM,2025-12-01,91960,4,77277,19060,0.2466,22990,17320,22990,4,0.1558572146807441,True,0.2466289691170074,22990.0,0.5692307692307692,0.25,30000.0,23093.333333333332,0.4553846153846154,31802.25988700565,31957.214298395746,inf,8.0,8.0,116800.0,-35.0,True,-0.5,1.0,31957.214298395746,19052.0,7.666666666666667,22990,0.5217391304347826,False,True,31802.25988700565,0,1.0,0.0,0.0,0.0,0.0,22990.0,False,False,False,MANDATO_HUMANO,5670.0,24.66289691170074,"🛑 <b>Capa 0: Mandato Humano</b><br>El administrador fijó el precio a $22,990.<br>Inicio de medición de elasticidad para el nuevo ciclo."
7896226503806,PROLOPA 200/50 MG X 30 COMP (LEVODOPA/BENSERAZIDA),KVI_KNOWN_VALUE_ITEM,2026-01-01,68970,3,57958,14216,0.2453,22990,17351,22990,3,0.0,False,0.24528055676381036,22990.0,0.5692307692307692,0.25,30000.0,23134.666666666668,0.4553846153846154,31859.18079096045,31859.18079096045,inf,0.0,,,-38.0,True,-0.4285714285714286,1.0,31859.18079096045,19086.100000000002,7.666666666666667,22990,0.3913043478260869,False,True,31859.18079096045,1,0.8,0.019999999999999997,0.07999999999999999,0.059999999999999984,0.039999999999999994,23990.0,False,False,False,HIBRIDO_ORQUESTADO,6639.0,27.67403084618591,"⚖️ <b>Transición Híbrida</b><br>Costo: $17,351 | Piso Margen: 25.0%<br>📊 <b>Pesos:</b> 🧑‍💼 Hum: 80% | 🧠 Elast: 2% | 🏢 Estrat: 8% | 📈 Macr: 6% | 📦 Stk: 4%<br>⚠️ <b>Capa 8 (Elasticidad):</b> Rechazo de mercado detectado (Retención: 39%). Se prioriza recuperar volumen.<br>📦 <b>Capa 5:</b> Blindaje por Bajo Stock (Descuento suspendido para proteger margen).<br>"
7896226503806,PROLOPA 200/50 MG X 30 COMP (LEVODOPA/BENSERAZIDA),KVI_KNOWN_VALUE_ITEM,2026-02-01,298870,13,251151,61563,0.2451,22990,17355,22990,13,0.0,False,0.24510656807307524,22990.0,0.5692307692307692,0.25,30000.0,23140.0,0.4553846153846154,31866.525423728814,32337.068502824855,inf,12.0,12.0,249350.0,-39.0,True,-0.25,1.0,32337.068502824855,19090.5,7.666666666666667,22990,1.6956521739130435,True,False,22990.0,2,0.5,0.3,0.05,0.1,0.05,23990.0,False,False,False,HIBRIDO_ORQUESTADO,6635.0,27.657357232180075,"⚖️ <b>Transición Híbrida</b><br>Costo: $17,355 | Piso Margen: 25.0%<br>📊 <b>Pesos:</b> 🧑‍💼 Hum: 50% | 🧠 Elast: 30% | 🏢 Estrat: 5% | 📈 Macr: 10% | 📦 Stk: 5%<br>🎯 <b>Capa 8 (Elasticidad):</b> Mercado validó el precio (Retención: 170%). El experto defiende el valor comercial.<br>📦 <b>Capa 5:</b> Blindaje por Bajo Stock (Descuento suspendido para proteger margen).<br>"
7896226503806,PROLOPA 200/50 MG X 30 COMP (LEVODOPA/BENSERAZIDA),KVI_KNOWN_VALUE_ITEM,2026-03-01,183920,8,154554,37756,0.2443,22990,17374,22990,8,0.0,False,0.24428012179208353,22990.0,0.5692307692307692,0.25,30000.0,23165.333333333332,0.4553846153846154,31901.41242937853,32046.034886299432,inf,19.0,19.0,296400.0,-28.0,True,3.333333333333333,1.15,36852.94011924435,19111.4,7.666666666666667,22990,1.0434782608695652,True,False,22990.0,3,0.2,0.48,0.08000000000000002,0.16000000000000003,0.08000000000000002,24990.0,False,False,True,HIBRIDO_ORQUESTADO,7616.0,30.476190476190478,"⚖️ <b>Transición Híbrida</b><br>Costo: $17,374 | Piso Margen: 25.0%<br>📊 <b>Pesos:</b> 🧑‍💼 Hum: 20% | 🧠 Elast: 48% | 🏢 Estrat: 8% | 📈 Macr: 16% | 📦 Stk: 8%<br>🎯 <b>Capa 8 (Elasticidad):</b> Mercado validó el precio (Retención: 104%). El experto defiende el valor comercial.<br>📈 <b>Capa 5:</b> Aceleración de demanda (Captura de margen a 1.15x).<br>🚥 <b>Capa 7:</b> Amortiguador Activo. Alza capada al 5% para proteger al cliente.<br>"
7896226503806,PROLOPA 200/50 MG X 30 COMP (LEVODOPA/BENSERAZIDA),KVI_KNOWN_VALUE_ITEM,2026-04-01,436810,19,367065,72425,0.1973,22990,18454,22990,19,0.0,False,0.19730317529360591,22990.0,0.5692307692307692,0.25,30000.0,24605.333333333332,0.4553846153846154,33884.463276836155,33884.463276836155,inf,2.0,2.0,62400.0,-45.0,True,-0.3846153846153846,1.0,33884.463276836155,20299.4,7.666666666666667,22990,2.4782608695652173,True,False,22990.0,4,0.0,0.6,0.1,0.2,0.1,25990.0,False,False,True,ALGORITMO_ESTRATEGICO,7536.0,28.9957676029242,"⚙️ <b>Algoritmo Estratégico</b><br>Costo: $18,454 | Piso Margen: 25.0%<br>📊 <b>Pesos:</b> 🧑‍💼 Hum: 0% | 🧠 Elast: 60% | 🏢 Estrat: 10% | 📈 Macr: 20% | 📦 Stk: 10%<br>🎯 <b>Capa 8 (Elasticidad):</b> Mercado validó el precio (Retención: 248%). El experto defiende el valor comercial.<br>📦 <b>Capa 5:</b> Blindaje por Bajo Stock (Descuento suspendido para proteger margen).<br>🚥 <b>Capa 7:</b> Amortiguador Activo. Alza capada al 5% para proteger al cliente.<br>"
7896226503806,PROLOPA 200/50 MG X 30 COMP (LEVODOPA/BENSERAZIDA),KVI_KNOWN_VALUE_ITEM,2026-05-01,252890,11,212511,44396,0.2089,22990,18187,22990,11,0.0,False,0.20891692040017398,22990.0,0.5692307692307692,0.25,30000.0,24249.333333333332,0.4553846153846154,33394.209039548026,33816.69435028248,inf,23.0,23.0,343850.0,-33.0,True,1.375,1.15,38889.198502824845,20005.7,7.666666666666667,22990,1.434782608695652,True,False,22990.0,5,0.0,0.6,0.1,0.2,0.1,26990.0,False,False,False,ALGORITMO_ESTRATEGICO,8803.0,32.61578362356428,"⚙️ <b>Algoritmo Estratégico</b><br>Costo: $18,187 | Piso Margen: 25.0%<br>📊 <b>Pesos:</b> 🧑‍💼 Hum: 0% | 🧠 Elast: 60% | 🏢 Estrat: 10% | 📈 Macr: 20% | 📦 Stk: 10%<br>🎯 <b>Capa 8 (Elasticidad):</b> Mercado validó el precio (Retención: 143%). El experto defiende el valor comercial.<br>📈 <b>Capa 5:</b> Aceleración de demanda (Captura de margen a 1.15x).<br>"
7896226503806,PROLOPA 200/50 MG X 30 COMP (LEVODOPA/BENSERAZIDA),KVI_KNOWN_VALUE_ITEM,2026-06-01,482790,21,405706,95249,0.2348,22990,17593,22990,21,0.0,False,0.23475424097433667,22990.0,0.5692307692307692,0.25,30000.0,23457.333333333332,0.4553846153846154,32303.531073446327,34357.761459887,inf,25.0,25.0,509500.0,-29.0,True,-0.42105263157894735,1.0,34357.761459887,19352.300000000003,7.666666666666667,22990,2.7391304347826084,True,False,22990.0,6,0.0,0.6,0.1,0.2,0.1,25990.0,False,False,False,ALGORITMO_ESTRATEGICO,8397.0,32.30858022316275,"⚙️ <b>Algoritmo Estratégico</b><br>Costo: $17,593 | Piso Margen: 25.0%<br>📊 <b>Pesos:</b> 🧑‍💼 Hum: 0% | 🧠 Elast: 60% | 🏢 Estrat: 10% | 📈 Macr: 20% | 📦 Stk: 10%<br>🎯 <b>Capa 8 (Elasticidad):</b> Mercado validó el precio (Retención: 274%). El experto defiende el valor comercial.<br>📦 <b>Capa 5:</b> Blindaje por Bajo Stock (Descuento suspendido para proteger margen).<br>"
7896226503806,PROLOPA 200/50 MG X 30 COMP (LEVODOPA/BENSERAZIDA),KVI_KNOWN_VALUE_ITEM,2026-07-01,252890,11,212513,51672,0.2431,22990,17400,22990,11,0.0,False,0.24314919530230536,22990.0,0.5692307692307692,0.25,30000.0,23200.0,0.4553846153846154,31949.15254237288,34357.761459887,inf,8.0,8.0,116640.0,-32.0,True,0.9090909090909092,1.1363636363636365,39042.91074987159,19140.0,7.666666666666667,22990,1.434782608695652,True,False,22990.0,7,0.0,0.6,0.1,0.2,0.1,26990.0,False,False,False,ALGORITMO_ESTRATEGICO,9590.0,35.53167839940719,"⚙️ <b>Algoritmo Estratégico</b><br>Costo: $17,400 | Piso Margen: 25.0%<br>📊 <b>Pesos:</b> 🧑‍💼 Hum: 0% | 🧠 Elast: 60% | 🏢 Estrat: 10% | 📈 Macr: 20% | 📦 Stk: 10%<br>🎯 <b>Capa 8 (Elasticidad):</b> Mercado validó el precio (Retención: 143%). El experto defiende el valor comercial.<br>📈 <b>Capa 5:</b> Aceleración de demanda (Captura de margen a 1.14x).<br>"
7896226503806,PROLOPA 200/50 MG X 30 COMP (LEVODOPA/BENSERAZIDA),KVI_KNOWN_VALUE_ITEM,2026-08-01,367840,16,309108,83775,0.271,22990,16759,22990,16,0.0,False,0.27103088299260547,22990.0,0.5692307692307692,0.25,30000.0,22345.333333333332,0.4553846153846154,30772.175141242937,34357.761459887,inf,6.0,6.0,59940.0,-42.0,True,-0.47619047619047616,1.0,34357.761459887,18434.9,7.666666666666667,22990,2.0869565217391304,True,False,22990.0,8,0.0,0.6,0.1,0.2,0.1,25990.0,False,False,False,ALGORITMO_ESTRATEGICO,9231.0,35.517506733358985,"⚙️ <b>Algoritmo Estratégico</b><br>Costo: $16,759 | Piso Margen: 25.0%<br>📊 <b>Pesos:</b> 🧑‍💼 Hum: 0% | 🧠 Elast: 60% | 🏢 Estrat: 10% | 📈 Macr: 20% | 📦 Stk: 10%<br>🎯 <b>Capa 8 (Elasticidad):</b> Mercado validó el precio (Retención: 209%). El experto defiende el valor comercial.<br>📦 <b>Capa 5:</b> Blindaje por Bajo Stock (Descuento suspendido para proteger margen).<br>"
7800060145320,"TELLMI-D 80/12,5 X 30 COMP (TELMISARTAN/HIDROCLOROTIAZIDA)",BIOEQUIVALENTE_MARCA,2023-11-01,133290,9,112006,51427,0.4591,14810,8010,14810,9,0.0,True,0.4591492234976367,14810.0,0.4591492234976367,0.18,25000.0,9768.292682926829,0.3673193787981094,14810.0,14810.0,inf,20.0,20.0,134620.0,11.0,False,0.0,1.0,14810.0,8811.0,9.0,14810,1.0,True,False,14810.0,0,1.0,0.0,0.0,0.0,0.0,14810.0,False,False,False,MANDATO_HUMANO,6800.0,45.91492234976367,"🛑 <b>Capa 0: Mandato Humano</b><br>El administrador fijó el precio a $14,810.<br>Inicio de medición de elasticidad para el nuevo ciclo."
7800060145320,"TELLMI-D 80/12,5 X 30 COMP (TELMISARTAN/HIDROCLOROTIAZIDA)",BIOEQUIVALENTE_MARCA,2023-12-01,177720,12,149341,68569,0.4591,14810,8010,14810,12,0.0,False,0.4591492234976367,14810.0,0.4591492234976367,0.18,25000.0,9768.292682926829,0.3673193787981094,14810.0,14810.0,inf,0.0,,,-1.0,True,0.0,1.0,14810.0,8811.0,9.0,14810,1.3333333333333333,True,False,14810.0,1,0.8,0.11999999999999997,0.019999999999999997,0.039999999999999994,0.019999999999999997,14990.0,False,False,False,HIBRIDO_ORQUESTADO,6980.0,46.56437625083389,"⚖️ <b>Transición Híbrida</b><br>Costo: $8,010 | Piso Margen: 18.0%<br>📊 <b>Pesos:</b> 🧑‍💼 Hum: 80% | 🧠 Elast: 12% | 🏢 Estrat: 2% | 📈 Macr: 4% | 📦 Stk: 2%<br>🎯 <b>Capa 8 (Elasticidad):</b> Mercado validó el precio (Retención: 133%). El experto defiende el valor comercial.<br>"
7800060145320,"TELLMI-D 80/12,5 X 30 COMP (TELMISARTAN/HIDROCLOROTIAZIDA)",BIOEQUIVALENTE_MARCA,2024-01-01,133290,9,112006,51427,0.4591,14810,8010,14810,9,0.0,False,0.4591492234976367,14810.0,0.4591492234976367,0.18,25000.0,9768.292682926829,0.3673193787981094,14810.0,14810.0,inf,30.0,30.0,67310.0,20.0,True,0.33333333333333326,1.05,15550.5,8811.0,9.0,14810,1.0,True,False,14810.0,2,0.5,0.3,0.05,0.1,0.05,14990.0,False,False,False,HIBRIDO_ORQUESTADO,6980.0,46.56437625083389,"⚖️ <b>Transición Híbrida</b><br>Costo: $8,010 | Piso Margen: 18.0%<br>📊 <b>Pesos:</b> 🧑‍💼 Hum: 50% | 🧠 Elast: 30% | 🏢 Estrat: 5% | 📈 Macr: 10% | 📦 Stk: 5%<br>🎯 <b>Capa 8 (Elasticidad):</b> Mercado validó el precio (Retención: 100%). El experto defiende el valor comercial.<br>📈 <b>Capa 5:</b> Aceleración de demanda (Captura de margen a 1.05x).<br>"
7800060145320,"TELLMI-D 80/12,5 X 30 COMP (TELMISARTAN/HIDROCLOROTIAZIDA)",BIOEQUIVALENTE_MARCA,2024-02-01,207340,14,174232,79998,0.4591,14810,8010,14810,14,0.0,False,0.4591492234976367,14810.0,0.4591492234976367,0.18,25000.0,9768.292682926829,0.3673193787981094,14810.0,14884.05,inf,0.0,,,6.0,False,-0.25,0.9625,14325.898125,8811.0,9.0,14810,1.5555555555555556,True,False,14810.0,3,0.2,0.48,0.08000000000000002,0.16000000000000003,0.08000000000000002,13990.0,False,False,False,HIBRIDO_ORQUESTADO,5980.0,42.74481772694782,"⚖️ <b>Transición Híbrida</b><br>Costo: $8,010 | Piso Margen: 18.0%<br>📊 <b>Pesos:</b> 🧑‍💼 Hum: 20% | 🧠 Elast: 48% | 🏢 Estrat: 8% | 📈 Macr: 16% | 📦 Stk: 8%<br>🎯 <b>Capa 8 (Elasticidad):</b> Mercado validó el precio (Retención: 156%). El experto defiende el valor comercial.<br>📉 <b>Capa 5:</b> Caída de rotación (Descuento dinámico a 0.96x para activar demanda).<br>"
7800060145320,"TELLMI-D 80/12,5 X 30 COMP (TELMISARTAN/HIDROCLOROTIAZIDA)",BIOEQUIVALENTE_MARCA,2024-03-01,192530,13,161786,74283,0.4591,14810,8010,14810,13,0.0,False,0.4591492234976367,14810.0,0.4591492234976367,0.18,25000.0,9768.292682926829,0.3673193787981094,14810.0,15181.731,inf,20.0,20.0,134620.0,13.0,False,0.5555555555555556,1.0833333333333333,16446.875249999997,8811.0,9.0,14810,1.4444444444444444,True,False,14810.0,4,0.0,0.6,0.1,0.2,0.1,14990.0,False,False,False,ALGORITMO_ESTRATEGICO,6980.0,46.56437625083389,"⚙️ <b>Algoritmo Estratégico</b><br>Costo: $8,010 | Piso Margen: 18.0%<br>📊 <b>Pesos:</b> 🧑‍💼 Hum: 0% | 🧠 Elast: 60% | 🏢 Estrat: 10% | 📈 Macr: 20% | 📦 Stk: 10%<br>🎯 <b>Capa 8 (Elasticidad):</b> Mercado validó el precio (Retención: 144%). El experto defiende el valor comercial.<br>📈 <b>Capa 5:</b> Aceleración de demanda (Captura de margen a 1.08x).<br>"
7800060145320,"TELLMI-D 80/12,5 X 30 COMP (TELMISARTAN/HIDROCLOROTIAZIDA)",BIOEQUIVALENTE_MARCA,2024-04-01,207340,14,174232,79998,0.4591,14810,8010,14810,14,0.0,False,0.4591492234976367,14810.0,0.4591492234976367,0.18,25000.0,9768.292682926829,0.3673193787981094,14810.0,15272.821386,inf,0.0,,,-1.0,True,-0.0714285714285714,1.0,15272.821386,8811.0,9.0,14810,1.5555555555555556,True,False,14810.0,5,0.0,0.6,0.1,0.2,0.1,13990.0,False,False,False,ALGORITMO_ESTRATEGICO,5980.0,42.74481772694782,"⚙️ <b>Algoritmo Estratégico</b><br>Costo: $8,010 | Piso Margen: 18.0%<br>📊 <b>Pesos:</b> 🧑‍💼 Hum: 0% | 🧠 Elast: 60% | 🏢 Estrat: 10% | 📈 Macr: 20% | 📦 Stk: 10%<br>🎯 <b>Capa 8 (Elasticidad):</b> Mercado validó el precio (Retención: 156%). El experto defiende el valor comercial.<br>📦 <b>Capa 5:</b> Blindaje por Bajo Stock (Descuento suspendido para proteger margen).<br>"
7800060145320,"TELLMI-D 80/12,5 X 30 COMP (TELMISARTAN/HIDROCLOROTIAZIDA)",BIOEQUIVALENTE_MARCA,2024-05-01,14810,1,12445,5714,0.4591,14810,8010,14810,1,0.0,False,0.4591492234976367,14810.0,0.4591492234976367,0.18,25000.0,9768.292682926829,0.3673193787981094,14810.0,15272.821386,inf,30.0,30.0,252820.0,28.0,True,0.07692307692307687,1.0,15272.821386,8811.0,9.0,14810,0.1111111111111111,False,True,14810.0,6,0.0,0.1,0.4,0.3,0.2,12990.0,False,False,False,ALGORITMO_ESTRATEGICO,4980.0,38.33718244803695,"⚙️ <b>Algoritmo Estratégico</b><br>Costo: $8,010 | Piso Margen: 18.0%<br>📊 <b>Pesos:</b> 🧑‍💼 Hum: 0% | 🧠 Elast: 10% | 🏢 Estrat: 40% | 📈 Macr: 30% | 📦 Stk: 20%<br>⚠️ <b>Capa 8 (Elasticidad):</b> Rechazo de mercado detectado (Retención: 11%). Se prioriza recuperar volumen.<br>"
7800060145320,"TELLMI-D 80/12,5 X 30 COMP (TELMISARTAN/HIDROCLOROTIAZIDA)",BIOEQUIVALENTE_MARCA,2024-06-01,266580,18,224010,71450,0.319,14810,10086,14810,18,0.0,False,0.31897366644159353,14810.0,0.4591492234976367,0.18,25000.0,12299.999999999998,0.3673193787981094,15941.692636072572,15941.692636072572,inf,0.0,,,10.0,False,-0.9285714285714286,0.8607142857142858,13721.242590333894,11094.6,9.0,14810,2.0,True,False,14810.0,7,0.0,0.6,0.1,0.2,0.1,13990.0,False,False,True,ALGORITMO_ESTRATEGICO,3904.0,27.90564689063617,"⚙️ <b>Algoritmo Estratégico</b><br>Costo: $10,086 | Piso Margen: 18.0%<br>📊 <b>Pesos:</b> 🧑‍💼 Hum: 0% | 🧠 Elast: 60% | 🏢 Estrat: 10% | 📈 Macr: 20% | 📦 Stk: 10%<br>🎯 <b>Capa 8 (Elasticidad):</b> Mercado validó el precio (Retención: 200%). El experto defiende el valor comercial.<br>📉 <b>Capa 5:</b> Caída de rotación (Descuento dinámico a 0.86x para activar demanda).<br>🚥 <b>Capa 7:</b> Amortiguador Activo. Alza capada al 5% para proteger al cliente.<br>"
7800060145320,"TELLMI-D 80/12,5 X 30 COMP (TELMISARTAN/HIDROCLOROTIAZIDA)",BIOEQUIVALENTE_MARCA,2024-07-01,177720,12,149341,58822,0.3939,14810,8977,14810,12,0.0,False,0.3938555030384875,14810.0,0.4591492234976367,0.18,25000.0,10947.560975609755,0.3673193787981094,14810.0,16117.05125506937,inf,25.0,25.0,175765.0,23.0,False,17.0,1.15,18534.608943329775,9874.7,9.0,14810,1.3333333333333333,True,False,14810.0,8,0.0,0.6,0.1,0.2,0.1,14990.0,False,False,True,ALGORITMO_ESTRATEGICO,6013.0,40.11340893929286,"⚙️ <b>Algoritmo Estratégico</b><br>Costo: $8,977 | Piso Margen: 18.0%<br>📊 <b>Pesos:</b> 🧑‍💼 Hum: 0% | 🧠 Elast: 60% | 🏢 Estrat: 10% | 📈 Macr: 20% | 📦 Stk: 10%<br>🎯 <b>Capa 8 (Elasticidad):</b> Mercado validó el precio (Retención: 133%). El experto defiende el valor comercial.<br>📈 <b>Capa 5:</b> Aceleración de demanda (Captura de margen a 1.15x).<br>🚥 <b>Capa 7:</b> Amortiguador Activo. Alza capada al 5% para proteger al cliente.<br>"
7800060145320,"TELLMI-D 80/12,5 X 30 COMP (TELMISARTAN/HIDROCLOROTIAZIDA)",BIOEQUIVALENTE_MARCA,2024-08-01,299800,20,251938,103625,0.4113,14990,8824,14990,20,0.012153950033760972,False,0.4113408939292862,14810.0,0.4591492234976367,0.18,25000.0,10760.975609756097,0.3673193787981094,14810.0,15971.997793773744,inf,12.0,12.0,89748.0,15.0,False,-0.33333333333333337,0.95,15173.397904085055,9706.400000000001,9.0,14810,2.2222222222222223,True,False,14810.0,9,0.0,0.6,0.1,0.2,0.1,14990.0,False,False,False,ALGORITMO_ESTRATEGICO,6166.0,41.134089392928615,"⚙️ <b>Algoritmo Estratégico</b><br>Costo: $8,824 | Piso Margen: 18.0%<br>📊 <b>Pesos:</b> 🧑‍💼 Hum: 0% | 🧠 Elast: 60% | 🏢 Estrat: 10% | 📈 Macr: 20% | 📦 Stk: 10%<br>🎯 <b>Capa 8 (Elasticidad):</b> Mercado validó el precio (Retención: 222%). El experto defiende el valor comercial.<br>📉 <b>Capa 5:</b> Caída de rotación (Descuento dinámico a 0.95x para activar demanda).<br>"
7800060145320,"TELLMI-D 80/12,5 X 30 COMP (TELMISARTAN/HIDROCLOROTIAZIDA)",BIOEQUIVALENTE_MARCA,2024-09-01,104930,7,88179,35926,0.4074,14990,8883,14990,7,0.0,False,0.4074049366244163,14810.0,0.4591492234976367,0.18,25000.0,10832.926829268292,0.3673193787981094,14810.0,16243.521756267895,inf,20.0,20.0,149600.0,28.0,False,0.6666666666666667,1.1,17867.873931894686,9771.300000000001,9.0,14810,0.7777777777777778,True,False,14810.0,10,0.0,0.6,0.1,0.2,0.1,14990.0,False,False,False,ALGORITMO_ESTRATEGICO,6107.0,40.74049366244163,"⚙️ <b>Algoritmo Estratégico</b><br>Costo: $8,883 | Piso Margen: 18.0%<br>📊 <b>Pesos:</b> 🧑‍💼 Hum: 0% | 🧠 Elast: 60% | 🏢 Estrat: 10% | 📈 Macr: 20% | 📦 Stk: 10%<br>🎯 <b>Capa 8 (Elasticidad):</b> Mercado validó el precio (Retención: 78%). El experto defiende el valor comercial.<br>📈 <b>Capa 5:</b> Aceleración de demanda (Captura de margen a 1.10x).<br>"
7800060145320,"TELLMI-D 80/12,5 X 30 COMP (TELMISARTAN/HIDROCLOROTIAZIDA)",BIOEQUIVALENTE_MARCA,2024-10-01,299800,20,251938,102412,0.4065,14990,8897,14990,20,0.0,False,0.4064709806537692,14810.0,0.4591492234976367,0.18,25000.0,10850.0,0.3673193787981094,14810.0,16422.20049558684,inf,15.0,15.0,112200.0,23.0,False,-0.65,0.9025,14821.035947267123,9786.7,9.0,14810,2.2222222222222223,True,False,14810.0,11,0.0,0.6,0.1,0.2,0.1,14990.0,False,False,False,ALGORITMO_ESTRATEGICO,6093.0,40.647098065376916,"⚙️ <b>Algoritmo Estratégico</b><br>Costo: $8,897 | Piso Margen: 18.0%<br>📊 <b>Pesos:</b> 🧑‍💼 Hum: 0% | 🧠 Elast: 60% | 🏢 Estrat: 10% | 📈 Macr: 20% | 📦 Stk: 10%<br>🎯 <b>Capa 8 (Elasticidad):</b> Mercado validó el precio (Retención: 222%). El experto defiende el valor comercial.<br>📉 <b>Capa 5:</b> Caída de rotación (Descuento dinámico a 0.90x para activar demanda).<br>"
7800060145320,"TELLMI-D 80/12,5 X 30 COMP (TELMISARTAN/HIDROCLOROTIAZIDA)",BIOEQUIVALENTE_MARCA,2024-11-01,269820,18,226744,91976,0.4056,14990,8909,14990,18,0.0,False,0.4056704469646431,14810.0,0.4591492234976367,0.18,25000.0,10864.634146341463,0.3673193787981094,14810.0,16487.88929756919,inf,15.0,15.0,116085.0,20.0,False,1.8571428571428572,1.15,18961.072692204565,9799.900000000001,9.0,14810,2.0,True,False,14810.0,12,0.0,0.6,0.1,0.2,0.1,14990.0,False,False,False,ALGORITMO_ESTRATEGICO,6081.0,40.56704469646431,"⚙️ <b>Algoritmo Estratégico</b><br>Costo: $8,909 | Piso Margen: 18.0%<br>📊 <b>Pesos:</b> 🧑‍💼 Hum: 0% | 🧠 Elast: 60% | 🏢 Estrat: 10% | 📈 Macr: 20% | 📦 Stk: 10%<br>🎯 <b>Capa 8 (Elasticidad):</b> Mercado validó el precio (Retención: 200%). El experto defiende el valor comercial.<br>📈 <b>Capa 5:</b> Aceleración de demanda (Captura de margen a 1.15x).<br>"
7800060145320,"TELLMI-D 80/12,5 X 30 COMP (TELMISARTAN/HIDROCLOROTIAZIDA)",BIOEQUIVALENTE_MARCA,2024-12-01,284810,19,239342,93871,0.3922,14990,9111,14990,19,0.0,False,0.3921947965310207,14810.0,0.4591492234976367,0.18,25000.0,11110.975609756097,0.3673193787981094,14810.0,16553.840854759466,inf,20.0,20.0,154780.0,21.0,False,-0.09999999999999998,0.985,16305.533241938074,10022.1,9.0,14810,2.111111111111111,True,False,14810.0,13,0.0,0.6,0.1,0.2,0.1,14990.0,False,False,False,ALGORITMO_ESTRATEGICO,5879.0,39.21947965310207,"⚙️ <b>Algoritmo Estratégico</b><br>Costo: $9,111 | Piso Margen: 18.0%<br>📊 <b>Pesos:</b> 🧑‍💼 Hum: 0% | 🧠 Elast: 60% | 🏢 Estrat: 10% | 📈 Macr: 20% | 📦 Stk: 10%<br>🎯 <b>Capa 8 (Elasticidad):</b> Mercado validó el precio (Retención: 211%). El experto defiende el valor comercial.<br>📉 <b>Capa 5:</b> Caída de rotación (Descuento dinámico a 0.98x para activar demanda).<br>"
7800060145320,"TELLMI-D 80/12,5 X 30 COMP (TELMISARTAN/HIDROCLOROTIAZIDA)",BIOEQUIVALENTE_MARCA,2025-01-01,299800,20,251939,97886,0.3885,14990,9166,14990,20,0.0,False,0.3885256837891928,14810.0,0.4591492234976367,0.18,25000.0,11178.048780487805,0.3673193787981094,14810.0,16868.363830999893,inf,20.0,20.0,154780.0,21.0,False,0.05555555555555558,1.0,16868.363830999893,10082.6,9.0,14810,2.2222222222222223,True,False,14810.0,14,0.0,0.6,0.1,0.2,0.1,14990.0,False,False,False,ALGORITMO_ESTRATEGICO,5824.0,38.85256837891928,"⚙️ <b>Algoritmo Estratégico</b><br>Costo: $9,166 | Piso Margen: 18.0%<br>📊 <b>Pesos:</b> 🧑‍💼 Hum: 0% | 🧠 Elast: 60% | 🏢 Estrat: 10% | 📈 Macr: 20% | 📦 Stk: 10%<br>🎯 <b>Capa 8 (Elasticidad):</b> Mercado validó el precio (Retención: 222%). El experto defiende el valor comercial.<br>"
7800060145320,"TELLMI-D 80/12,5 X 30 COMP (TELMISARTAN/HIDROCLOROTIAZIDA)",BIOEQUIVALENTE_MARCA,2025-02-01,344770,23,289728,112084,0.3869,14990,9191,14990,23,0.0,False,0.3868579052701801,14810.0,0.4591492234976367,0.18,25000.0,11208.536585365853,0.3673193787981094,14810.0,16918.96892249289,inf,20.0,20.0,154780.0,18.0,False,0.05263157894736836,1.0,16918.96892249289,10110.1,9.0,14810,2.5555555555555554,True,False,14810.0,15,0.0,0.6,0.1,0.2,0.1,14990.0,False,False,False,ALGORITMO_ESTRATEGICO,5799.0,38.68579052701801,"⚙️ <b>Algoritmo Estratégico</b><br>Costo: $9,191 | Piso Margen: 18.0%<br>📊 <b>Pesos:</b> 🧑‍💼 Hum: 0% | 🧠 Elast: 60% | 🏢 Estrat: 10% | 📈 Macr: 20% | 📦 Stk: 10%<br>🎯 <b>Capa 8 (Elasticidad):</b> Mercado validó el precio (Retención: 256%). El experto defiende el valor comercial.<br>"
7800060145320,"TELLMI-D 80/12,5 X 30 COMP (TELMISARTAN/HIDROCLOROTIAZIDA)",BIOEQUIVALENTE_MARCA,2025-03-01,359760,24,302325,123818,0.4096,14990,8851,14990,24,0.0,False,0.4095396931287525,14810.0,0.4591492234976367,0.18,25000.0,10793.90243902439,0.3673193787981094,14810.0,16935.887891415383,inf,10.0,10.0,67310.0,4.0,False,0.1499999999999999,1.0225,17316.94536897223,9736.1,9.0,14810,2.6666666666666665,True,False,14810.0,16,0.0,0.6,0.1,0.2,0.1,14990.0,False,False,False,ALGORITMO_ESTRATEGICO,6139.0,40.95396931287525,"⚙️ <b>Algoritmo Estratégico</b><br>Costo: $8,851 | Piso Margen: 18.0%<br>📊 <b>Pesos:</b> 🧑‍💼 Hum: 0% | 🧠 Elast: 60% | 🏢 Estrat: 10% | 📈 Macr: 20% | 📦 Stk: 10%<br>🎯 <b>Capa 8 (Elasticidad):</b> Mercado validó el precio (Retención: 267%). El experto defiende el valor comercial.<br>📈 <b>Capa 5:</b> Aceleración de demanda (Captura de margen a 1.02x).<br>"
7800060145320,"TELLMI-D 80/12,5 X 30 COMP (TELMISARTAN/HIDROCLOROTIAZIDA)",BIOEQUIVALENTE_MARCA,2025-04-01,239840,16,201551,79863,0.3962,14990,9050,14990,16,0.0,False,0.3962641761174116,14810.0,0.4591492234976367,0.18,25000.0,11036.585365853658,0.3673193787981094,14810.0,16952.823779306796,inf,43.0,43.0,332777.0,31.0,False,0.04347826086956519,1.0,16952.823779306796,9955.0,9.0,14810,1.7777777777777777,True,False,14810.0,17,0.0,0.6,0.1,0.2,0.1,14990.0,False,False,False,ALGORITMO_ESTRATEGICO,5940.0,39.62641761174116,"⚙️ <b>Algoritmo Estratégico</b><br>Costo: $9,050 | Piso Margen: 18.0%<br>📊 <b>Pesos:</b> 🧑‍💼 Hum: 0% | 🧠 Elast: 60% | 🏢 Estrat: 10% | 📈 Macr: 20% | 📦 Stk: 10%<br>🎯 <b>Capa 8 (Elasticidad):</b> Mercado validó el precio (Retención: 178%). El experto defiende el valor comercial.<br>"
7800060145320,"TELLMI-D 80/12,5 X 30 COMP (TELMISARTAN/HIDROCLOROTIAZIDA)",BIOEQUIVALENTE_MARCA,2025-05-01,149900,10,125970,48724,0.3868,14990,9192,14990,10,0.0,False,0.3867911941294196,14810.0,0.4591492234976367,0.18,25000.0,11209.756097560974,0.3673193787981094,14810.0,16732.43707017581,inf,0.0,,,21.0,False,-0.33333333333333337,0.95,15895.815216667017,10111.2,9.0,14810,1.1111111111111112,True,False,14810.0,18,0.0,0.6,0.1,0.2,0.1,14990.0,False,False,False,ALGORITMO_ESTRATEGICO,5798.0,38.67911941294196,"⚙️ <b>Algoritmo Estratégico</b><br>Costo: $9,192 | Piso Margen: 18.0%<br>📊 <b>Pesos:</b> 🧑‍💼 Hum: 0% | 🧠 Elast: 60% | 🏢 Estrat: 10% | 📈 Macr: 20% | 📦 Stk: 10%<br>🎯 <b>Capa 8 (Elasticidad):</b> Mercado validó el precio (Retención: 111%). El experto defiende el valor comercial.<br>📉 <b>Capa 5:</b> Caída de rotación (Descuento dinámico a 0.95x para activar demanda).<br>"
7800060145320,"TELLMI-D 80/12,5 X 30 COMP (TELMISARTAN/HIDROCLOROTIAZIDA)",BIOEQUIVALENTE_MARCA,2025-06-01,269820,18,226744,87621,0.3864,14990,9197,14990,18,0.0,False,0.3864576384256171,14810.0,0.4591492234976367,0.18,25000.0,11215.853658536584,0.3673193787981094,14810.0,16933.22631501792,inf,27.0,27.0,196857.0,30.0,False,-0.375,0.94375,15980.732334798162,10116.7,9.0,14810,2.0,True,False,14810.0,19,0.0,0.6,0.1,0.2,0.1,14990.0,False,False,False,ALGORITMO_ESTRATEGICO,5793.0,38.645763842561706,"⚙️ <b>Algoritmo Estratégico</b><br>Costo: $9,197 | Piso Margen: 18.0%<br>📊 <b>Pesos:</b> 🧑‍💼 Hum: 0% | 🧠 Elast: 60% | 🏢 Estrat: 10% | 📈 Macr: 20% | 📦 Stk: 10%<br>🎯 <b>Capa 8 (Elasticidad):</b> Mercado validó el precio (Retención: 200%). El experto defiende el valor comercial.<br>📉 <b>Capa 5:</b> Caída de rotación (Descuento dinámico a 0.94x para activar demanda).<br>"
7800060145320,"TELLMI-D 80/12,5 X 30 COMP (TELMISARTAN/HIDROCLOROTIAZIDA)",BIOEQUIVALENTE_MARCA,2025-07-01,299800,20,251940,103512,0.4109,14990,8831,14990,20,0.0,False,0.41087391594396266,14810.0,0.4591492234976367,0.18,25000.0,10769.51219512195,0.3673193787981094,14810.0,17119.491804483117,inf,11.0,11.0,92868.0,21.0,False,0.8,1.12,19173.830821021093,9714.1,9.0,14810,2.2222222222222223,True,False,14810.0,20,0.0,0.6,0.1,0.2,0.1,14990.0,False,False,False,ALGORITMO_ESTRATEGICO,6159.0,41.087391594396266,"⚙️ <b>Algoritmo Estratégico</b><br>Costo: $8,831 | Piso Margen: 18.0%<br>📊 <b>Pesos:</b> 🧑‍💼 Hum: 0% | 🧠 Elast: 60% | 🏢 Estrat: 10% | 📈 Macr: 20% | 📦 Stk: 10%<br>🎯 <b>Capa 8 (Elasticidad):</b> Mercado validó el precio (Retención: 222%). El experto defiende el valor comercial.<br>📈 <b>Capa 5:</b> Aceleración de demanda (Captura de margen a 1.12x).<br>"
7800060145320,"TELLMI-D 80/12,5 X 30 COMP (TELMISARTAN/HIDROCLOROTIAZIDA)",BIOEQUIVALENTE_MARCA,2025-08-01,449700,30,377908,150622,0.3986,14990,9015,14990,30,0.0,False,0.39859906604402934,14810.0,0.4591492234976367,0.18,25000.0,10993.902439024389,0.3673193787981094,14810.0,17170.850279896564,inf,25.0,25.0,193475.0,16.0,False,0.11111111111111116,1.0166666666666666,17457.03111789484,9916.5,9.0,14810,3.3333333333333335,True,False,14810.0,21,0.0,0.6,0.1,0.2,0.1,14990.0,False,False,False,ALGORITMO_ESTRATEGICO,5975.0,39.85990660440294,"⚙️ <b>Algoritmo Estratégico</b><br>Costo: $9,015 | Piso Margen: 18.0%<br>📊 <b>Pesos:</b> 🧑‍💼 Hum: 0% | 🧠 Elast: 60% | 🏢 Estrat: 10% | 📈 Macr: 20% | 📦 Stk: 10%<br>🎯 <b>Capa 8 (Elasticidad):</b> Mercado validó el precio (Retención: 333%). El experto defiende el valor comercial.<br>📈 <b>Capa 5:</b> Aceleración de demanda (Captura de margen a 1.02x).<br>"
7800060145320,"TELLMI-D 80/12,5 X 30 COMP (TELMISARTAN/HIDROCLOROTIAZIDA)",BIOEQUIVALENTE_MARCA,2025-09-01,374750,25,314921,122230,0.3881,14990,9172,14990,25,0.0,False,0.38812541694462976,14810.0,0.4591492234976367,0.18,25000.0,11185.365853658535,0.3673193787981094,14810.0,17256.704531296044,inf,31.0,31.0,239909.0,22.0,False,0.5,1.075,18550.957371143246,10089.2,9.0,14810,2.7777777777777777,True,False,14810.0,22,0.0,0.6,0.1,0.2,0.1,14990.0,False,False,False,ALGORITMO_ESTRATEGICO,5818.0,38.81254169446298,"⚙️ <b>Algoritmo Estratégico</b><br>Costo: $9,172 | Piso Margen: 18.0%<br>📊 <b>Pesos:</b> 🧑‍💼 Hum: 0% | 🧠 Elast: 60% | 🏢 Estrat: 10% | 📈 Macr: 20% | 📦 Stk: 10%<br>🎯 <b>Capa 8 (Elasticidad):</b> Mercado validó el precio (Retención: 278%). El experto defiende el valor comercial.<br>📈 <b>Capa 5:</b> Aceleración de demanda (Captura de margen a 1.07x).<br>"
7800060145320,"TELLMI-D 80/12,5 X 30 COMP (TELMISARTAN/HIDROCLOROTIAZIDA)",BIOEQUIVALENTE_MARCA,2025-10-01,344770,23,289729,111930,0.3863,14990,9199,14990,23,0.0,False,0.38632421614409607,14810.0,0.4591492234976367,0.18,25000.0,11218.292682926829,0.3673193787981094,14810.0,17066.880781451786,inf,28.0,28.0,216692.0,27.0,False,-0.16666666666666663,0.975,16640.20876191549,10118.900000000001,9.0,14810,2.5555555555555554,True,False,14810.0,23,0.0,0.6,0.1,0.2,0.1,14990.0,False,False,False,ALGORITMO_ESTRATEGICO,5791.0,38.63242161440961,"⚙️ <b>Algoritmo Estratégico</b><br>Costo: $9,199 | Piso Margen: 18.0%<br>📊 <b>Pesos:</b> 🧑‍💼 Hum: 0% | 🧠 Elast: 60% | 🏢 Estrat: 10% | 📈 Macr: 20% | 📦 Stk: 10%<br>🎯 <b>Capa 8 (Elasticidad):</b> Mercado validó el precio (Retención: 256%). El experto defiende el valor comercial.<br>📉 <b>Capa 5:</b> Caída de rotación (Descuento dinámico a 0.97x para activar demanda).<br>"
7800060145320,"TELLMI-D 80/12,5 X 30 COMP (TELMISARTAN/HIDROCLOROTIAZIDA)",BIOEQUIVALENTE_MARCA,2025-11-01,149900,10,125970,48600,0.3858,14990,9207,14990,10,0.0,False,0.38579052701801203,14810.0,0.4591492234976367,0.18,25000.0,11228.048780487805,0.3673193787981094,14810.0,17288.75023161066,inf,0.0,,,17.0,False,-0.07999999999999996,0.988,17081.28522883133,10127.7,9.0,14810,1.1111111111111112,True,False,14810.0,24,0.0,0.6,0.1,0.2,0.1,14990.0,False,False,False,ALGORITMO_ESTRATEGICO,5783.0,38.5790527018012,"⚙️ <b>Algoritmo Estratégico</b><br>Costo: $9,207 | Piso Margen: 18.0%<br>📊 <b>Pesos:</b> 🧑‍💼 Hum: 0% | 🧠 Elast: 60% | 🏢 Estrat: 10% | 📈 Macr: 20% | 📦 Stk: 10%<br>🎯 <b>Capa 8 (Elasticidad):</b> Mercado validó el precio (Retención: 111%). El experto defiende el valor comercial.<br>📉 <b>Capa 5:</b> Caída de rotación (Descuento dinámico a 0.99x para activar demanda).<br>"
7800060145320,"TELLMI-D 80/12,5 X 30 COMP (TELMISARTAN/HIDROCLOROTIAZIDA)",BIOEQUIVALENTE_MARCA,2025-12-01,284810,19,239341,92326,0.3858,14990,9208,14990,19,0.0,False,0.3857238158772515,14810.0,0.4591492234976367,0.18,25000.0,11229.268292682926,0.3673193787981094,14810.0,17340.61648230549,inf,0.0,,,-2.0,True,-0.5652173913043479,1.0,17340.61648230549,10128.800000000001,9.0,14810,2.111111111111111,True,False,14810.0,25,0.0,0.6,0.1,0.2,0.1,14990.0,False,False,False,ALGORITMO_ESTRATEGICO,5782.0,38.572381587725154,"⚙️ <b>Algoritmo Estratégico</b><br>Costo: $9,208 | Piso Margen: 18.0%<br>📊 <b>Pesos:</b> 🧑‍💼 Hum: 0% | 🧠 Elast: 60% | 🏢 Estrat: 10% | 📈 Macr: 20% | 📦 Stk: 10%<br>🎯 <b>Capa 8 (Elasticidad):</b> Mercado validó el precio (Retención: 211%). El experto defiende el valor comercial.<br>📦 <b>Capa 5:</b> Blindaje por Bajo Stock (Descuento suspendido para proteger margen).<br>"
7800060145320,"TELLMI-D 80/12,5 X 30 COMP (TELMISARTAN/HIDROCLOROTIAZIDA)",BIOEQUIVALENTE_MARCA,2026-01-01,158900,10,133530,12540,0.0939,15890,14398,15890,10,0.06004002668445631,True,0.09389553178099434,15890.0,0.4591492234976367,0.18,25000.0,17558.53658536585,0.3673193787981094,22757.137673425827,22757.137673425827,inf,40.0,40.0,509600.0,28.0,True,0.8999999999999999,1.135,25829.351259338313,15837.800000000001,17.333333333333332,15890,0.576923076923077,False,True,22757.137673425827,0,1.0,0.0,0.0,0.0,0.0,15890.0,False,False,False,MANDATO_HUMANO,1492.0,9.389553178099435,"🛑 <b>Capa 0: Mandato Humano</b><br>El administrador fijó el precio a $15,890.<br>Inicio de medición de elasticidad para el nuevo ciclo."
7800060145320,"TELLMI-D 80/12,5 X 30 COMP (TELMISARTAN/HIDROCLOROTIAZIDA)",BIOEQUIVALENTE_MARCA,2026-02-01,207870,13,174681,10341,0.0592,15990,15043,15990,13,0.0062932662051604785,False,0.059224515322076295,15890.0,0.4591492234976367,0.18,25000.0,18345.12195121951,0.3673193787981094,23776.60939167556,23776.60939167556,inf,15.0,15.0,192600.0,30.0,False,-0.4736842105263158,0.9289473684210526,22087.218724372295,16547.300000000003,17.333333333333332,15890,0.75,True,False,15890.0,1,0.8,0.11999999999999997,0.019999999999999997,0.039999999999999994,0.019999999999999997,16990.0,True,False,False,HIBRIDO_ORQUESTADO,1947.0,11.459682165979988,"⚖️ <b>Transición Híbrida</b><br>Costo: $15,043 | Piso Margen: 18.0%<br>📊 <b>Pesos:</b> 🧑‍💼 Hum: 80% | 🧠 Elast: 12% | 🏢 Estrat: 2% | 📈 Macr: 4% | 📦 Stk: 2%<br>🎯 <b>Capa 8 (Elasticidad):</b> Mercado validó el precio (Retención: 75%). El experto defiende el valor comercial.<br>📉 <b>Capa 5:</b> Caída de rotación (Descuento dinámico a 0.93x para activar demanda).<br>🛡️ <b>Capa 6:</b> Blindaje Activo. Precio topó en el límite inferior ($16,547).<br>"
7800060145320,"TELLMI-D 80/12,5 X 30 COMP (TELMISARTAN/HIDROCLOROTIAZIDA)",BIOEQUIVALENTE_MARCA,2026-03-01,351780,22,295614,15772,0.0534,15990,15137,15990,22,0.0,False,0.0533458411507192,15890.0,0.4591492234976367,0.18,25000.0,18459.756097560974,0.3673193787981094,23925.18356456777,23925.18356456777,inf,15.0,15.0,343980.0,23.0,False,0.30000000000000004,1.045,25001.81682497332,16650.7,17.333333333333332,15890,1.2692307692307694,True,False,15890.0,2,0.5,0.3,0.05,0.1,0.05,16990.0,False,False,False,HIBRIDO_ORQUESTADO,1853.0,10.90641553855209,"⚖️ <b>Transición Híbrida</b><br>Costo: $15,137 | Piso Margen: 18.0%<br>📊 <b>Pesos:</b> 🧑‍💼 Hum: 50% | 🧠 Elast: 30% | 🏢 Estrat: 5% | 📈 Macr: 10% | 📦 Stk: 5%<br>🎯 <b>Capa 8 (Elasticidad):</b> Mercado validó el precio (Retención: 127%). El experto defiende el valor comercial.<br>📈 <b>Capa 5:</b> Aceleración de demanda (Captura de margen a 1.04x).<br>"
7800060145320,"TELLMI-D 80/12,5 X 30 COMP (TELMISARTAN/HIDROCLOROTIAZIDA)",BIOEQUIVALENTE_MARCA,2026-04-01,248850,15,209116,17730,0.0848,16590,15183,16590,15,0.0375234521575985,False,0.08481012658227848,15890.0,0.4591492234976367,0.18,25000.0,18515.853658536584,0.3673193787981094,23997.89007470651,24188.360583778012,inf,12.0,12.0,157680.0,20.0,False,0.6923076923076923,1.103846153846154,26700.22879824727,16701.300000000003,17.333333333333332,15890,0.8653846153846154,True,False,15890.0,3,0.2,0.48,0.08000000000000002,0.16000000000000003,0.08000000000000002,17990.0,False,False,True,HIBRIDO_ORQUESTADO,2807.0,15.603112840466926,"⚖️ <b>Transición Híbrida</b><br>Costo: $15,183 | Piso Margen: 18.0%<br>📊 <b>Pesos:</b> 🧑‍💼 Hum: 20% | 🧠 Elast: 48% | 🏢 Estrat: 8% | 📈 Macr: 16% | 📦 Stk: 8%<br>🎯 <b>Capa 8 (Elasticidad):</b> Mercado validó el precio (Retención: 87%). El experto defiende el valor comercial.<br>📈 <b>Capa 5:</b> Aceleración de demanda (Captura de margen a 1.10x).<br>🚥 <b>Capa 7:</b> Amortiguador Activo. Alza capada al 5% para proteger al cliente.<br>"
7800060145320,"TELLMI-D 80/12,5 X 30 COMP (TELMISARTAN/HIDROCLOROTIAZIDA)",BIOEQUIVALENTE_MARCA,2026-05-01,356790,21,299818,28837,0.0962,16990,15356,16990,21,0.024110910186859555,False,0.09617422012948794,15890.0,0.4591492234976367,0.18,25000.0,18726.82926829268,0.3673193787981094,24271.32977588047,24271.32977588047,inf,12.0,12.0,157680.0,11.0,False,-0.31818181818181823,0.9522727272727273,23112.925400213448,16891.600000000002,17.333333333333332,15890,1.2115384615384617,True,False,15890.0,4,0.0,0.6,0.1,0.2,0.1,18990.0,False,False,False,ALGORITMO_ESTRATEGICO,3634.0,19.13638757240653,"⚙️ <b>Algoritmo Estratégico</b><br>Costo: $15,356 | Piso Margen: 18.0%<br>📊 <b>Pesos:</b> 🧑‍💼 Hum: 0% | 🧠 Elast: 60% | 🏢 Estrat: 10% | 📈 Macr: 20% | 📦 Stk: 10%<br>🎯 <b>Capa 8 (Elasticidad):</b> Mercado validó el precio (Retención: 121%). El experto defiende el valor comercial.<br>📉 <b>Capa 5:</b> Caída de rotación (Descuento dinámico a 0.95x para activar demanda).<br>"
7800060145320,"TELLMI-D 80/12,5 X 30 COMP (TELMISARTAN/HIDROCLOROTIAZIDA)",BIOEQUIVALENTE_MARCA,2026-06-01,356790,21,299822,28425,0.0948,16990,15379,16990,21,0.0,False,0.0948204826368452,15890.0,0.4591492234976367,0.18,25000.0,18754.878048780487,0.3673193787981094,24307.68303094984,24659.671052294558,inf,32.0,32.0,412800.0,22.0,False,0.3999999999999999,1.06,26139.251315432233,16916.9,17.333333333333332,15890,1.2115384615384617,True,False,15890.0,5,0.0,0.6,0.1,0.2,0.1,18990.0,False,False,False,ALGORITMO_ESTRATEGICO,3611.0,19.015271195365983,"⚙️ <b>Algoritmo Estratégico</b><br>Costo: $15,379 | Piso Margen: 18.0%<br>📊 <b>Pesos:</b> 🧑‍💼 Hum: 0% | 🧠 Elast: 60% | 🏢 Estrat: 10% | 📈 Macr: 20% | 📦 Stk: 10%<br>🎯 <b>Capa 8 (Elasticidad):</b> Mercado validó el precio (Retención: 121%). El experto defiende el valor comercial.<br>📈 <b>Capa 5:</b> Aceleración de demanda (Captura de margen a 1.06x).<br>"
7800060145320,"TELLMI-D 80/12,5 X 30 COMP (TELMISARTAN/HIDROCLOROTIAZIDA)",BIOEQUIVALENTE_MARCA,2026-07-01,336810,19,283031,37708,0.1332,17727,15365,17727,19,0.04337845791642143,True,0.1332430755344954,17727.0,0.4591492234976367,0.18,25000.0,18737.80487804878,0.3673193787981094,24285.554962646744,24659.671052294558,inf,15.0,15.0,193500.0,18.0,False,0.0,1.0,24659.671052294558,16901.5,19.0,17727,1.0,True,False,17727.0,0,1.0,0.0,0.0,0.0,0.0,17727.0,False,False,False,MANDATO_HUMANO,2362.0,13.324307553449541,"🛑 <b>Capa 0: Mandato Humano</b><br>El administrador fijó el precio a $17,727.<br>Inicio de medición de elasticidad para el nuevo ciclo."
7800060145320,"TELLMI-D 80/12,5 X 30 COMP (TELMISARTAN/HIDROCLOROTIAZIDA)",BIOEQUIVALENTE_MARCA,2026-08-01,346820,18,291445,59095,0.2028,19268,15361,19268,18,0.08692954250578214,True,0.20277143450280258,19268.0,0.4591492234976367,0.18,25000.0,18732.92682926829,0.3673193787981094,24279.232657417288,24279.232657417288,inf,20.0,20.0,464960.0,20.0,False,-0.09523809523809523,0.9857142857142858,23932.386476597043,16897.100000000002,20.333333333333332,19268,0.8852459016393444,True,False,19268.0,0,1.0,0.0,0.0,0.0,0.0,19268.0,False,False,False,MANDATO_HUMANO,3907.0,20.277143450280256,"🛑 <b>Capa 0: Mandato Humano</b><br>El administrador fijó el precio a $19,268.<br>Inicio de medición de elasticidad para el nuevo ciclo."
7800060145320,"TELLMI-D 80/12,5 X 30 COMP (TELMISARTAN/HIDROCLOROTIAZIDA)",BIOEQUIVALENTE_MARCA,2026-09-01,19990,1,16798,2989,0.1779,19990,16433,19990,1,0.037471455262611586,False,0.17793896948474236,19268.0,0.4591492234976367,0.18,25000.0,20040.243902439022,0.3673193787981094,25973.61045891142,25973.61045891142,inf,0.0,0.0,203100.0,19.0,False,-0.052631578947368474,1.0,25973.61045891142,18076.300000000003,20.333333333333332,19268,0.049180327868852465,False,True,25973.61045891142,1,0.8,0.019999999999999997,0.07999999999999999,0.059999999999999984,0.039999999999999994,19990.0,False,False,False,HIBRIDO_ORQUESTADO,3557.0,17.793896948474234,"⚖️ <b>Transición Híbrida</b><br>Costo: $16,433 | Piso Margen: 18.0%<br>📊 <b>Pesos:</b> 🧑‍💼 Hum: 80% | 🧠 Elast: 2% | 🏢 Estrat: 8% | 📈 Macr: 6% | 📦 Stk: 4%<br>⚠️ <b>Capa 8 (Elasticidad):</b> Rechazo de mercado detectado (Retención: 5%). Se prioriza recuperar volumen.<br>"
7321831691629,"VANNAIR INHALADOR 160/4,5 X 120 DOSIS (BUDESONIDA/FORMOTEROL)",KVI_KNOWN_VALUE_ITEM,2023-11-01,55920,2,46992,21145,0.45,27960,15379,27960,2,0.0,True,0.44996423462088697,27960.0,0.44996423462088697,0.25,30000.0,20505.333333333332,0.3599713876967096,27960.0,27960.0,inf,20.0,20.0,260160.0,18.0,False,0.0,1.0,27960.0,16916.9,2.0,27960,1.0,True,False,27960.0,0,1.0,0.0,0.0,0.0,0.0,27960.0,False,False,False,MANDATO_HUMANO,12581.0,44.9964234620887,"🛑 <b>Capa 0: Mandato Humano</b><br>El administrador fijó el precio a $27,960.<br>Inicio de medición de elasticidad para el nuevo ciclo."
7321831691629,"VANNAIR INHALADOR 160/4,5 X 120 DOSIS (BUDESONIDA/FORMOTEROL)",KVI_KNOWN_VALUE_ITEM,2023-12-01,139800,5,117480,52440,0.4464,27960,15479,27960,5,0.0,False,0.4463876967095851,27960.0,0.44996423462088697,0.25,30000.0,20638.666666666668,0.3599713876967096,27960.0,27960.0,inf,0.0,,,13.0,False,0.0,1.0,27960.0,17026.9,2.0,27960,2.5,True,False,27960.0,1,0.8,0.11999999999999997,0.019999999999999997,0.039999999999999994,0.019999999999999997,27990.0,False,False,False,HIBRIDO_ORQUESTADO,12511.0,44.69810646659521,"⚖️ <b>Transición Híbrida</b><br>Costo: $15,479 | Piso Margen: 25.0%<br>📊 <b>Pesos:</b> 🧑‍💼 Hum: 80% | 🧠 Elast: 12% | 🏢 Estrat: 2% | 📈 Macr: 4% | 📦 Stk: 2%<br>🎯 <b>Capa 8 (Elasticidad):</b> Mercado validó el precio (Retención: 250%). El experto defiende el valor comercial.<br>"
7321831691629,"VANNAIR INHALADOR 160/4,5 X 120 DOSIS (BUDESONIDA/FORMOTEROL)",KVI_KNOWN_VALUE_ITEM,2024-01-01,139800,5,117480,52440,0.4464,27960,15479,27960,5,0.0,False,0.4463876967095851,27960.0,0.44996423462088697,0.25,30000.0,20638.666666666668,0.3599713876967096,27960.0,27960.0,inf,0.0,,,8.0,False,1.5,1.15,32153.999999999996,17026.9,2.0,27960,2.5,True,False,27960.0,2,0.5,0.3,0.05,0.1,0.05,27990.0,False,False,False,HIBRIDO_ORQUESTADO,12511.0,44.69810646659521,"⚖️ <b>Transición Híbrida</b><br>Costo: $15,479 | Piso Margen: 25.0%<br>📊 <b>Pesos:</b> 🧑‍💼 Hum: 50% | 🧠 Elast: 30% | 🏢 Estrat: 5% | 📈 Macr: 10% | 📦 Stk: 5%<br>🎯 <b>Capa 8 (Elasticidad):</b> Mercado validó el precio (Retención: 250%). El experto defiende el valor comercial.<br>📈 <b>Capa 5:</b> Aceleración de demanda (Captura de margen a 1.15x).<br>"
7321831691629,"VANNAIR INHALADOR 160/4,5 X 120 DOSIS (BUDESONIDA/FORMOTEROL)",KVI_KNOWN_VALUE_ITEM,2024-02-01,195720,7,164472,73416,0.4464,27960,15479,27960,7,0.0,False,0.4463876967095851,27960.0,0.44996423462088697,0.25,30000.0,20638.666666666668,0.3599713876967096,27960.0,28099.799999999996,inf,0.0,0.0,78048.0,1.0,True,0.0,1.0,28099.799999999996,17026.9,2.0,27960,3.5,True,False,27960.0,3,0.2,0.48,0.08000000000000002,0.16000000000000003,0.08000000000000002,26990.0,False,False,False,HIBRIDO_ORQUESTADO,11511.0,42.649129307150794,"⚖️ <b>Transición Híbrida</b><br>Costo: $15,479 | Piso Margen: 25.0%<br>📊 <b>Pesos:</b> 🧑‍💼 Hum: 20% | 🧠 Elast: 48% | 🏢 Estrat: 8% | 📈 Macr: 16% | 📦 Stk: 8%<br>🎯 <b>Capa 8 (Elasticidad):</b> Mercado validó el precio (Retención: 350%). El experto defiende el valor comercial.<br>"
7321831691629,"VANNAIR INHALADOR 160/4,5 X 120 DOSIS (BUDESONIDA/FORMOTEROL)",KVI_KNOWN_VALUE_ITEM,2024-03-01,111840,4,93984,43974,0.4679,27960,14878,27960,4,0.0,False,0.4678826895565093,27960.0,0.44996423462088697,0.25,30000.0,19837.333333333332,0.3599713876967096,27960.0,28661.795999999995,inf,20.0,20.0,239940.0,17.0,True,0.3999999999999999,1.0,28661.795999999995,16365.800000000001,2.0,27960,2.0,True,False,27960.0,4,0.0,0.6,0.1,0.2,0.1,26990.0,False,False,False,ALGORITMO_ESTRATEGICO,12112.0,44.87587995553909,"⚙️ <b>Algoritmo Estratégico</b><br>Costo: $14,878 | Piso Margen: 25.0%<br>📊 <b>Pesos:</b> 🧑‍💼 Hum: 0% | 🧠 Elast: 60% | 🏢 Estrat: 10% | 📈 Macr: 20% | 📦 Stk: 10%<br>🎯 <b>Capa 8 (Elasticidad):</b> Mercado validó el precio (Retención: 200%). El experto defiende el valor comercial.<br>"
7321831691629,"VANNAIR INHALADOR 160/4,5 X 120 DOSIS (BUDESONIDA/FORMOTEROL)",KVI_KNOWN_VALUE_ITEM,2024-04-01,307560,11,258455,126488,0.4894,27960,14276,27960,11,0.0,False,0.4894134477825465,27960.0,0.44996423462088697,0.25,30000.0,19034.666666666668,0.3599713876967096,27960.0,28833.766775999997,inf,0.0,,,6.0,False,-0.4285714285714286,0.9357142857142857,26980.16748325714,15703.6,2.0,27960,5.5,True,False,27960.0,5,0.0,0.6,0.1,0.2,0.1,26990.0,False,False,False,ALGORITMO_ESTRATEGICO,12714.0,47.10633567988144,"⚙️ <b>Algoritmo Estratégico</b><br>Costo: $14,276 | Piso Margen: 25.0%<br>📊 <b>Pesos:</b> 🧑‍💼 Hum: 0% | 🧠 Elast: 60% | 🏢 Estrat: 10% | 📈 Macr: 20% | 📦 Stk: 10%<br>🎯 <b>Capa 8 (Elasticidad):</b> Mercado validó el precio (Retención: 550%). El experto defiende el valor comercial.<br>📉 <b>Capa 5:</b> Caída de rotación (Descuento dinámico a 0.94x para activar demanda).<br>"
7321831691629,"VANNAIR INHALADOR 160/4,5 X 120 DOSIS (BUDESONIDA/FORMOTEROL)",KVI_KNOWN_VALUE_ITEM,2024-05-01,195720,7,164472,78113,0.4749,27960,14681,27960,7,0.0,False,0.47492846924177395,27960.0,0.44996423462088697,0.25,30000.0,19574.666666666668,0.3599713876967096,27960.0,28833.766775999997,inf,10.0,10.0,130080.0,9.0,False,1.75,1.15,33158.83179239999,16149.100000000002,2.0,27960,3.5,True,False,27960.0,6,0.0,0.6,0.1,0.2,0.1,27990.0,False,False,False,ALGORITMO_ESTRATEGICO,13309.0,47.54912468738836,"⚙️ <b>Algoritmo Estratégico</b><br>Costo: $14,681 | Piso Margen: 25.0%<br>📊 <b>Pesos:</b> 🧑‍💼 Hum: 0% | 🧠 Elast: 60% | 🏢 Estrat: 10% | 📈 Macr: 20% | 📦 Stk: 10%<br>🎯 <b>Capa 8 (Elasticidad):</b> Mercado validó el precio (Retención: 350%). El experto defiende el valor comercial.<br>📈 <b>Capa 5:</b> Aceleración de demanda (Captura de margen a 1.15x).<br>"
7321831691629,"VANNAIR INHALADOR 160/4,5 X 120 DOSIS (BUDESONIDA/FORMOTEROL)",KVI_KNOWN_VALUE_ITEM,2024-06-01,279600,10,234960,108793,0.463,27960,15014,27960,10,0.0,False,0.4630185979971388,27960.0,0.44996423462088697,0.25,30000.0,20018.666666666668,0.3599713876967096,27960.0,28862.600542775992,inf,6.0,6.0,78048.0,5.0,False,-0.36363636363636365,0.9454545454545454,27288.27687680639,16515.4,2.0,27960,5.0,True,False,27960.0,7,0.0,0.6,0.1,0.2,0.1,26990.0,False,False,False,ALGORITMO_ESTRATEGICO,11976.0,44.37198962578733,"⚙️ <b>Algoritmo Estratégico</b><br>Costo: $15,014 | Piso Margen: 25.0%<br>📊 <b>Pesos:</b> 🧑‍💼 Hum: 0% | 🧠 Elast: 60% | 🏢 Estrat: 10% | 📈 Macr: 20% | 📦 Stk: 10%<br>🎯 <b>Capa 8 (Elasticidad):</b> Mercado validó el precio (Retención: 500%). El experto defiende el valor comercial.<br>📉 <b>Capa 5:</b> Caída de rotación (Descuento dinámico a 0.95x para activar demanda).<br>"
7321831691629,"VANNAIR INHALADOR 160/4,5 X 120 DOSIS (BUDESONIDA/FORMOTEROL)",KVI_KNOWN_VALUE_ITEM,2024-07-01,291540,10,244992,119308,0.487,29154,14956,29154,10,0.042703862660944204,True,0.4870000686012211,29154.0,0.4870000686012211,0.25,30000.0,19941.333333333332,0.3896000548809769,29154.0,29180.089148746523,inf,16.0,16.0,198018.0,11.0,False,0.4285714285714286,1.0642857142857143,31055.952022594513,16451.600000000002,9.333333333333334,29154,1.0714285714285714,True,False,29154.0,0,1.0,0.0,0.0,0.0,0.0,29154.0,False,False,False,MANDATO_HUMANO,14198.0,48.70000686012211,"🛑 <b>Capa 0: Mandato Humano</b><br>El administrador fijó el precio a $29,154.<br>Inicio de medición de elasticidad para el nuevo ciclo."
7321831691629,"VANNAIR INHALADOR 160/4,5 X 120 DOSIS (BUDESONIDA/FORMOTEROL)",KVI_KNOWN_VALUE_ITEM,2024-08-01,389350,13,327184,164333,0.5023,29950,14907,29950,13,0.027303285998490773,False,0.5022704507512521,29154.0,0.4870000686012211,0.25,30000.0,19876.0,0.3896000548809769,29154.0,29154.0,inf,0.0,,,-2.0,True,0.0,1.0,29154.0,16397.7,9.333333333333334,29154,1.3928571428571428,True,False,29154.0,1,0.8,0.11999999999999997,0.019999999999999997,0.039999999999999994,0.019999999999999997,28990.0,False,False,False,HIBRIDO_ORQUESTADO,14083.0,48.57882028285616,"⚖️ <b>Transición Híbrida</b><br>Costo: $14,907 | Piso Margen: 25.0%<br>📊 <b>Pesos:</b> 🧑‍💼 Hum: 80% | 🧠 Elast: 12% | 🏢 Estrat: 2% | 📈 Macr: 4% | 📦 Stk: 2%<br>🎯 <b>Capa 8 (Elasticidad):</b> Mercado validó el precio (Retención: 139%). El experto defiende el valor comercial.<br>"
7321831691629,"VANNAIR INHALADOR 160/4,5 X 120 DOSIS (BUDESONIDA/FORMOTEROL)",KVI_KNOWN_VALUE_ITEM,2024-09-01,119800,4,100672,46349,0.4604,29950,16161,29950,4,0.0,False,0.46040066777963273,29154.0,0.4870000686012211,0.25,30000.0,21548.0,0.3896000548809769,29154.0,29649.618,inf,30.0,30.0,439020.0,24.0,True,0.30000000000000004,1.0,29649.618,17777.100000000002,9.333333333333334,29154,0.42857142857142855,False,True,29154.0,2,0.5,0.05,0.2,0.15,0.1,27990.0,False,False,False,HIBRIDO_ORQUESTADO,11829.0,42.261521972132904,"⚖️ <b>Transición Híbrida</b><br>Costo: $16,161 | Piso Margen: 25.0%<br>📊 <b>Pesos:</b> 🧑‍💼 Hum: 50% | 🧠 Elast: 5% | 🏢 Estrat: 20% | 📈 Macr: 15% | 📦 Stk: 10%<br>⚠️ <b>Capa 8 (Elasticidad):</b> Rechazo de mercado detectado (Retención: 43%). Se prioriza recuperar volumen.<br>"
7321831691629,"VANNAIR INHALADOR 160/4,5 X 120 DOSIS (BUDESONIDA/FORMOTEROL)",KVI_KNOWN_VALUE_ITEM,2024-10-01,449250,15,377520,158010,0.4185,29950,17415,29950,15,0.0,False,0.41853088480801337,29154.0,0.4870000686012211,0.25,30000.0,23220.0,0.3896000548809769,29154.0,29975.763797999996,inf,0.0,,,9.0,False,-0.6923076923076923,0.8961538461538462,26862.89601897692,19156.5,9.333333333333334,29154,1.607142857142857,True,False,29154.0,3,0.2,0.48,0.08000000000000002,0.16000000000000003,0.08000000000000002,28990.0,False,False,False,HIBRIDO_ORQUESTADO,11575.0,39.92756122800966,"⚖️ <b>Transición Híbrida</b><br>Costo: $17,415 | Piso Margen: 25.0%<br>📊 <b>Pesos:</b> 🧑‍💼 Hum: 20% | 🧠 Elast: 48% | 🏢 Estrat: 8% | 📈 Macr: 16% | 📦 Stk: 8%<br>🎯 <b>Capa 8 (Elasticidad):</b> Mercado validó el precio (Retención: 161%). El experto defiende el valor comercial.<br>📉 <b>Capa 5:</b> Caída de rotación (Descuento dinámico a 0.90x para activar demanda).<br>"
7321831691629,"VANNAIR INHALADOR 160/4,5 X 120 DOSIS (BUDESONIDA/FORMOTEROL)",KVI_KNOWN_VALUE_ITEM,2024-11-01,239600,8,201344,84272,0.4185,29950,17415,29950,8,0.0,False,0.41853088480801337,29154.0,0.4870000686012211,0.25,30000.0,23220.0,0.3896000548809769,29154.0,30095.666853191997,inf,6.0,6.0,87804.0,7.0,False,2.75,1.15,34610.01688117079,19156.5,9.333333333333334,29154,0.8571428571428571,True,False,29154.0,4,0.0,0.6,0.1,0.2,0.1,28990.0,False,False,False,ALGORITMO_ESTRATEGICO,11575.0,39.92756122800966,"⚙️ <b>Algoritmo Estratégico</b><br>Costo: $17,415 | Piso Margen: 25.0%<br>📊 <b>Pesos:</b> 🧑‍💼 Hum: 0% | 🧠 Elast: 60% | 🏢 Estrat: 10% | 📈 Macr: 20% | 📦 Stk: 10%<br>🎯 <b>Capa 8 (Elasticidad):</b> Mercado validó el precio (Retención: 86%). El experto defiende el valor comercial.<br>📈 <b>Capa 5:</b> Aceleración de demanda (Captura de margen a 1.15x).<br>"
7321831691629,"VANNAIR INHALADOR 160/4,5 X 120 DOSIS (BUDESONIDA/FORMOTEROL)",KVI_KNOWN_VALUE_ITEM,2024-12-01,239600,8,201344,84272,0.4185,29950,17415,29950,8,0.0,False,0.41853088480801337,29154.0,0.4870000686012211,0.25,30000.0,23220.0,0.3896000548809769,29154.0,30216.049520604764,inf,0.0,,,-1.0,True,-0.4666666666666667,1.0,30216.049520604764,19156.5,9.333333333333334,29154,0.8571428571428571,True,False,29154.0,5,0.0,0.6,0.1,0.2,0.1,28990.0,False,False,False,ALGORITMO_ESTRATEGICO,11575.0,39.92756122800966,"⚙️ <b>Algoritmo Estratégico</b><br>Costo: $17,415 | Piso Margen: 25.0%<br>📊 <b>Pesos:</b> 🧑‍💼 Hum: 0% | 🧠 Elast: 60% | 🏢 Estrat: 10% | 📈 Macr: 20% | 📦 Stk: 10%<br>🎯 <b>Capa 8 (Elasticidad):</b> Mercado validó el precio (Retención: 86%). El experto defiende el valor comercial.<br>📦 <b>Capa 5:</b> Blindaje por Bajo Stock (Descuento suspendido para proteger margen).<br>"
7321831691629,"VANNAIR INHALADOR 160/4,5 X 120 DOSIS (BUDESONIDA/FORMOTEROL)",KVI_KNOWN_VALUE_ITEM,2025-01-01,89850,3,75504,31602,0.4185,29950,17415,29950,3,0.0,False,0.41853088480801337,29154.0,0.4870000686012211,0.25,30000.0,23220.0,0.3896000548809769,29154.0,30790.15446149625,inf,0.0,,,-4.0,True,0.0,1.0,30790.15446149625,19156.5,9.333333333333334,29154,0.3214285714285714,False,True,29154.0,6,0.0,0.1,0.4,0.3,0.2,27990.0,False,False,False,ALGORITMO_ESTRATEGICO,10575.0,37.78135048231511,"⚙️ <b>Algoritmo Estratégico</b><br>Costo: $17,415 | Piso Margen: 25.0%<br>📊 <b>Pesos:</b> 🧑‍💼 Hum: 0% | 🧠 Elast: 10% | 🏢 Estrat: 40% | 📈 Macr: 30% | 📦 Stk: 20%<br>⚠️ <b>Capa 8 (Elasticidad):</b> Rechazo de mercado detectado (Retención: 32%). Se prioriza recuperar volumen.<br>"
7321831691629,"VANNAIR INHALADOR 160/4,5 X 120 DOSIS (BUDESONIDA/FORMOTEROL)",KVI_KNOWN_VALUE_ITEM,2025-02-01,29950,1,25168,10534,0.4185,29950,17415,29950,1,0.0,False,0.41853088480801337,29154.0,0.4870000686012211,0.25,30000.0,23220.0,0.3896000548809769,29154.0,30882.524924880738,inf,0.0,,,-5.0,True,-0.625,1.0,30882.524924880738,19156.5,9.333333333333334,29154,0.10714285714285714,False,True,29154.0,7,0.0,0.1,0.4,0.3,0.2,27990.0,False,False,False,ALGORITMO_ESTRATEGICO,10575.0,37.78135048231511,"⚙️ <b>Algoritmo Estratégico</b><br>Costo: $17,415 | Piso Margen: 25.0%<br>📊 <b>Pesos:</b> 🧑‍💼 Hum: 0% | 🧠 Elast: 10% | 🏢 Estrat: 40% | 📈 Macr: 30% | 📦 Stk: 20%<br>⚠️ <b>Capa 8 (Elasticidad):</b> Rechazo de mercado detectado (Retención: 11%). Se prioriza recuperar volumen.<br>📦 <b>Capa 5:</b> Blindaje por Bajo Stock (Descuento suspendido para proteger margen).<br>"
7321831691629,"VANNAIR INHALADOR 160/4,5 X 120 DOSIS (BUDESONIDA/FORMOTEROL)",KVI_KNOWN_VALUE_ITEM,2025-03-01,29950,1,25168,10534,0.4185,29950,17415,29950,1,0.0,False,0.41853088480801337,29154.0,0.4870000686012211,0.25,30000.0,23220.0,0.3896000548809769,29154.0,30913.407449805614,inf,0.0,,,-6.0,True,-0.6666666666666667,1.0,30913.407449805614,19156.5,9.333333333333334,29154,0.10714285714285714,False,True,29154.0,8,0.0,0.1,0.4,0.3,0.2,27990.0,False,False,False,ALGORITMO_ESTRATEGICO,10575.0,37.78135048231511,"⚙️ <b>Algoritmo Estratégico</b><br>Costo: $17,415 | Piso Margen: 25.0%<br>📊 <b>Pesos:</b> 🧑‍💼 Hum: 0% | 🧠 Elast: 10% | 🏢 Estrat: 40% | 📈 Macr: 30% | 📦 Stk: 20%<br>⚠️ <b>Capa 8 (Elasticidad):</b> Rechazo de mercado detectado (Retención: 11%). Se prioriza recuperar volumen.<br>📦 <b>Capa 5:</b> Blindaje por Bajo Stock (Descuento suspendido para proteger margen).<br>"
7321831691629,"VANNAIR INHALADOR 160/4,5 X 120 DOSIS (BUDESONIDA/FORMOTEROL)",KVI_KNOWN_VALUE_ITEM,2025-05-01,149750,5,125840,52670,0.4185,29950,17415,29950,5,0.0,False,0.41853088480801337,29154.0,0.4870000686012211,0.25,30000.0,23220.0,0.3896000548809769,29154.0,30511.53315295814,inf,0.0,,,-11.0,True,0.0,1.0,30511.53315295814,19156.5,9.333333333333334,29154,0.5357142857142857,False,True,29154.0,9,0.0,0.1,0.4,0.3,0.2,26990.0,False,False,False,ALGORITMO_ESTRATEGICO,9575.0,35.47610226009633,"⚙️ <b>Algoritmo Estratégico</b><br>Costo: $17,415 | Piso Margen: 25.0%<br>📊 <b>Pesos:</b> 🧑‍💼 Hum: 0% | 🧠 Elast: 10% | 🏢 Estrat: 40% | 📈 Macr: 30% | 📦 Stk: 20%<br>⚠️ <b>Capa 8 (Elasticidad):</b> Rechazo de mercado detectado (Retención: 54%). Se prioriza recuperar volumen.<br>"
7321831691629,"VANNAIR INHALADOR 160/4,5 X 120 DOSIS (BUDESONIDA/FORMOTEROL)",KVI_KNOWN_VALUE_ITEM,2025-06-01,269550,9,226512,94806,0.4185,29950,17415,29950,9,0.0,False,0.41853088480801337,29154.0,0.4870000686012211,0.25,30000.0,23220.0,0.3896000548809769,29154.0,30877.67155079364,inf,5.0,5.0,73170.0,-15.0,True,4.0,1.15,35509.32228341268,19156.5,9.333333333333334,29154,0.9642857142857142,True,False,29154.0,10,0.0,0.6,0.1,0.2,0.1,27990.0,False,False,True,ALGORITMO_ESTRATEGICO,10575.0,37.78135048231511,"⚙️ <b>Algoritmo Estratégico</b><br>Costo: $17,415 | Piso Margen: 25.0%<br>📊 <b>Pesos:</b> 🧑‍💼 Hum: 0% | 🧠 Elast: 60% | 🏢 Estrat: 10% | 📈 Macr: 20% | 📦 Stk: 10%<br>🎯 <b>Capa 8 (Elasticidad):</b> Mercado validó el precio (Retención: 96%). El experto defiende el valor comercial.<br>📈 <b>Capa 5:</b> Aceleración de demanda (Captura de margen a 1.15x).<br>🚥 <b>Capa 7:</b> Amortiguador Activo. Alza capada al 5% para proteger al cliente.<br>"
7321831691629,"VANNAIR INHALADOR 160/4,5 X 120 DOSIS (BUDESONIDA/FORMOTEROL)",KVI_KNOWN_VALUE_ITEM,2025-07-01,179700,6,151008,63204,0.4185,29950,17415,29950,6,0.0,False,0.41853088480801337,29154.0,0.4870000686012211,0.25,30000.0,23220.0,0.3896000548809769,29154.0,31217.325937852365,inf,0.0,,,-21.0,True,0.8,1.12,34963.40505039465,19156.5,9.333333333333334,29154,0.6428571428571428,False,True,29154.0,11,0.0,0.1,0.4,0.3,0.2,28990.0,False,False,False,ALGORITMO_ESTRATEGICO,11575.0,39.92756122800966,"⚙️ <b>Algoritmo Estratégico</b><br>Costo: $17,415 | Piso Margen: 25.0%<br>📊 <b>Pesos:</b> 🧑‍💼 Hum: 0% | 🧠 Elast: 10% | 🏢 Estrat: 40% | 📈 Macr: 30% | 📦 Stk: 20%<br>⚠️ <b>Capa 8 (Elasticidad):</b> Rechazo de mercado detectado (Retención: 64%). Se prioriza recuperar volumen.<br>📈 <b>Capa 5:</b> Aceleración de demanda (Captura de margen a 1.12x).<br>"
7321831691629,"VANNAIR INHALADOR 160/4,5 X 120 DOSIS (BUDESONIDA/FORMOTEROL)",KVI_KNOWN_VALUE_ITEM,2025-08-01,89850,3,75504,31602,0.4185,29950,17415,29950,3,0.0,False,0.41853088480801337,29154.0,0.4870000686012211,0.25,30000.0,23220.0,0.3896000548809769,29154.0,31310.97791566592,inf,15.0,15.0,219510.0,-9.0,True,-0.33333333333333337,1.0,31310.97791566592,19156.5,9.333333333333334,29154,0.3214285714285714,False,True,29154.0,12,0.0,0.1,0.4,0.3,0.2,27990.0,False,False,False,ALGORITMO_ESTRATEGICO,10575.0,37.78135048231511,"⚙️ <b>Algoritmo Estratégico</b><br>Costo: $17,415 | Piso Margen: 25.0%<br>📊 <b>Pesos:</b> 🧑‍💼 Hum: 0% | 🧠 Elast: 10% | 🏢 Estrat: 40% | 📈 Macr: 30% | 📦 Stk: 20%<br>⚠️ <b>Capa 8 (Elasticidad):</b> Rechazo de mercado detectado (Retención: 32%). Se prioriza recuperar volumen.<br>📦 <b>Capa 5:</b> Blindaje por Bajo Stock (Descuento suspendido para proteger margen).<br>"
7321831691629,"VANNAIR INHALADOR 160/4,5 X 120 DOSIS (BUDESONIDA/FORMOTEROL)",KVI_KNOWN_VALUE_ITEM,2025-09-01,209650,7,176176,73738,0.4185,29950,17415,29950,7,0.0,False,0.41853088480801337,29154.0,0.4870000686012211,0.25,30000.0,23220.0,0.3896000548809769,29154.0,31467.532805244246,inf,0.0,,,-16.0,True,-0.5,1.0,31467.532805244246,19156.5,9.333333333333334,29154,0.75,True,False,29154.0,13,0.0,0.6,0.1,0.2,0.1,28990.0,False,False,False,ALGORITMO_ESTRATEGICO,11575.0,39.92756122800966,"⚙️ <b>Algoritmo Estratégico</b><br>Costo: $17,415 | Piso Margen: 25.0%<br>📊 <b>Pesos:</b> 🧑‍💼 Hum: 0% | 🧠 Elast: 60% | 🏢 Estrat: 10% | 📈 Macr: 20% | 📦 Stk: 10%<br>🎯 <b>Capa 8 (Elasticidad):</b> Mercado validó el precio (Retención: 75%). El experto defiende el valor comercial.<br>📦 <b>Capa 5:</b> Blindaje por Bajo Stock (Descuento suspendido para proteger margen).<br>"
7321831691629,"VANNAIR INHALADOR 160/4,5 X 120 DOSIS (BUDESONIDA/FORMOTEROL)",KVI_KNOWN_VALUE_ITEM,2025-10-01,149750,5,125840,52670,0.4185,29950,17415,29950,5,0.0,False,0.41853088480801337,29154.0,0.4870000686012211,0.25,30000.0,23220.0,0.3896000548809769,29154.0,31121.38994438656,inf,0.0,,,-21.0,True,1.3333333333333335,1.15,35789.59843604454,19156.5,9.333333333333334,29154,0.5357142857142857,False,True,29154.0,14,0.0,0.1,0.4,0.3,0.2,28990.0,False,False,False,ALGORITMO_ESTRATEGICO,11575.0,39.92756122800966,"⚙️ <b>Algoritmo Estratégico</b><br>Costo: $17,415 | Piso Margen: 25.0%<br>📊 <b>Pesos:</b> 🧑‍💼 Hum: 0% | 🧠 Elast: 10% | 🏢 Estrat: 40% | 📈 Macr: 30% | 📦 Stk: 20%<br>⚠️ <b>Capa 8 (Elasticidad):</b> Rechazo de mercado detectado (Retención: 54%). Se prioriza recuperar volumen.<br>📈 <b>Capa 5:</b> Aceleración de demanda (Captura de margen a 1.15x).<br>"
7321831691629,"VANNAIR INHALADOR 160/4,5 X 120 DOSIS (BUDESONIDA/FORMOTEROL)",KVI_KNOWN_VALUE_ITEM,2025-11-01,149970,3,126025,6475,0.0514,49990,47422,49990,3,0.6691151919866444,True,0.05137027405481096,49990.0,0.4870000686012211,0.25,30000.0,63229.333333333336,0.25,63229.333333333336,63229.333333333336,inf,13.0,13.0,519194.0,-11.0,True,-0.2857142857142857,1.0,63229.333333333336,52164.200000000004,5.0,49990,0.6,False,True,63229.333333333336,0,1.0,0.0,0.0,0.0,0.0,49990.0,False,False,False,MANDATO_HUMANO,2568.0,5.1370274054810965,"🛑 <b>Capa 0: Mandato Humano</b><br>El administrador fijó el precio a $49,990.<br>Inicio de medición de elasticidad para el nuevo ciclo."
7321831691629,"VANNAIR INHALADOR 160/4,5 X 120 DOSIS (BUDESONIDA/FORMOTEROL)",KVI_KNOWN_VALUE_ITEM,2025-12-01,199960,4,168032,7856,0.0468,49990,47653,49990,4,0.0,False,0.046749349869974,49990.0,0.4870000686012211,0.25,30000.0,63537.333333333336,0.25,63537.333333333336,63537.333333333336,inf,4.0,4.0,161688.0,-11.0,True,-0.4,1.0,63537.333333333336,52418.3,5.0,49990,0.8,True,False,49990.0,1,0.8,0.11999999999999997,0.019999999999999997,0.039999999999999994,0.019999999999999997,51990.0,True,False,False,HIBRIDO_ORQUESTADO,4337.0,8.341988844008464,"⚖️ <b>Transición Híbrida</b><br>Costo: $47,653 | Piso Margen: 25.0%<br>📊 <b>Pesos:</b> 🧑‍💼 Hum: 80% | 🧠 Elast: 12% | 🏢 Estrat: 2% | 📈 Macr: 4% | 📦 Stk: 2%<br>🎯 <b>Capa 8 (Elasticidad):</b> Mercado validó el precio (Retención: 80%). El experto defiende el valor comercial.<br>📦 <b>Capa 5:</b> Blindaje por Bajo Stock (Descuento suspendido para proteger margen).<br>🛡️ <b>Capa 6:</b> Blindaje Activo. Precio topó en el límite inferior ($52,418).<br>"
7321831691629,"VANNAIR INHALADOR 160/4,5 X 120 DOSIS (BUDESONIDA/FORMOTEROL)",KVI_KNOWN_VALUE_ITEM,2026-01-01,306940,6,257931,16903,0.0655,51157,47804,51157,6,0.02334466893378676,False,0.06554332740387435,49990.0,0.4870000686012211,0.25,30000.0,63738.666666666664,0.25,63738.666666666664,64363.318666666666,inf,6.0,6.0,250536.0,-11.0,True,0.33333333333333326,1.0,64363.318666666666,52584.4,5.0,49990,1.2,True,False,49990.0,2,0.5,0.3,0.05,0.1,0.05,52990.0,False,False,False,HIBRIDO_ORQUESTADO,5186.0,9.78675221739951,"⚖️ <b>Transición Híbrida</b><br>Costo: $47,804 | Piso Margen: 25.0%<br>📊 <b>Pesos:</b> 🧑‍💼 Hum: 50% | 🧠 Elast: 30% | 🏢 Estrat: 5% | 📈 Macr: 10% | 📦 Stk: 5%<br>🎯 <b>Capa 8 (Elasticidad):</b> Mercado validó el precio (Retención: 120%). El experto defiende el valor comercial.<br>"
7321831691629,"VANNAIR INHALADOR 160/4,5 X 120 DOSIS (BUDESONIDA/FORMOTEROL)",KVI_KNOWN_VALUE_ITEM,2026-02-01,170970,3,143673,21418,0.1491,56990,48494,56990,3,0.11402154152901851,True,0.1490787857518863,56990.0,0.4870000686012211,0.25,30000.0,64658.666666666664,0.25,64658.666666666664,65328.76844666666,inf,4.0,4.0,167024.0,-10.0,True,0.5,1.0,65328.76844666666,53343.4,4.333333333333333,56990,0.6923076923076924,False,True,64658.666666666664,0,1.0,0.0,0.0,0.0,0.0,56990.0,False,False,False,MANDATO_HUMANO,8496.0,14.90787857518863,"🛑 <b>Capa 0: Mandato Humano</b><br>El administrador fijó el precio a $56,990.<br>Inicio de medición de elasticidad para el nuevo ciclo."
7321831691629,"VANNAIR INHALADOR 160/4,5 X 120 DOSIS (BUDESONIDA/FORMOTEROL)",KVI_KNOWN_VALUE_ITEM,2026-03-01,227960,4,191564,25952,0.1355,56990,49269,56990,4,0.0,False,0.13547990875592208,56990.0,0.4870000686012211,0.25,30000.0,65692.0,0.25,65692.0,65692.0,inf,3.0,3.0,121170.0,-11.0,True,-0.5,1.0,65692.0,54195.9,4.333333333333333,56990,0.9230769230769231,True,False,56990.0,1,0.8,0.11999999999999997,0.019999999999999997,0.039999999999999994,0.019999999999999997,57990.0,False,False,False,HIBRIDO_ORQUESTADO,8721.0,15.03879979306777,"⚖️ <b>Transición Híbrida</b><br>Costo: $49,269 | Piso Margen: 25.0%<br>📊 <b>Pesos:</b> 🧑‍💼 Hum: 80% | 🧠 Elast: 12% | 🏢 Estrat: 2% | 📈 Macr: 4% | 📦 Stk: 2%<br>🎯 <b>Capa 8 (Elasticidad):</b> Mercado validó el precio (Retención: 92%). El experto defiende el valor comercial.<br>📦 <b>Capa 5:</b> Blindaje por Bajo Stock (Descuento suspendido para proteger margen).<br>"
7321831691629,"VANNAIR INHALADOR 160/4,5 X 120 DOSIS (BUDESONIDA/FORMOTEROL)",KVI_KNOWN_VALUE_ITEM,2026-04-01,170970,3,143673,19806,0.1379,56990,49134,56990,3,0.0,False,0.13784874539392877,56990.0,0.4870000686012211,0.25,30000.0,65512.0,0.25,65512.0,66414.612,inf,2.0,2.0,83960.0,-12.0,True,0.33333333333333326,1.0,66414.612,54047.4,4.333333333333333,56990,0.6923076923076924,False,True,65512.0,2,0.5,0.05,0.2,0.15,0.1,60990.0,False,False,True,HIBRIDO_ORQUESTADO,11856.0,19.439252336448597,"⚖️ <b>Transición Híbrida</b><br>Costo: $49,134 | Piso Margen: 25.0%<br>📊 <b>Pesos:</b> 🧑‍💼 Hum: 50% | 🧠 Elast: 5% | 🏢 Estrat: 20% | 📈 Macr: 15% | 📦 Stk: 10%<br>⚠️ <b>Capa 8 (Elasticidad):</b> Rechazo de mercado detectado (Retención: 69%). Se prioriza recuperar volumen.<br>🚥 <b>Capa 7:</b> Amortiguador Activo. Alza capada al 5% para proteger al cliente.<br>"
7321831691629,"VANNAIR INHALADOR 160/4,5 X 120 DOSIS (BUDESONIDA/FORMOTEROL)",KVI_KNOWN_VALUE_ITEM,2026-05-01,227960,4,191564,26674,0.1392,56990,49055,56990,4,0.0,False,0.13923495350061416,56990.0,0.4870000686012211,0.25,30000.0,65406.666666666664,0.25,65406.666666666664,66281.782776,inf,13.0,13.0,614058.0,-3.0,True,-0.25,1.0,66281.782776,53960.50000000001,4.333333333333333,56990,0.9230769230769231,True,False,56990.0,3,0.2,0.48,0.08000000000000002,0.16000000000000003,0.08000000000000002,59990.0,False,False,False,HIBRIDO_ORQUESTADO,10935.0,18.228038006334387,"⚖️ <b>Transición Híbrida</b><br>Costo: $49,055 | Piso Margen: 25.0%<br>📊 <b>Pesos:</b> 🧑‍💼 Hum: 20% | 🧠 Elast: 48% | 🏢 Estrat: 8% | 📈 Macr: 16% | 📦 Stk: 8%<br>🎯 <b>Capa 8 (Elasticidad):</b> Mercado validó el precio (Retención: 92%). El experto defiende el valor comercial.<br>📦 <b>Capa 5:</b> Blindaje por Bajo Stock (Descuento suspendido para proteger margen).<br>"
7321831691629,"VANNAIR INHALADOR 160/4,5 X 120 DOSIS (BUDESONIDA/FORMOTEROL)",KVI_KNOWN_VALUE_ITEM,2026-06-01,113980,2,95782,14218,0.1484,56990,48530,56990,2,0.0,False,0.14844709598175118,56990.0,0.4870000686012211,0.25,30000.0,64706.666666666664,0.25,64706.666666666664,67342.291300416,inf,0.0,,,-5.0,True,0.33333333333333326,1.0,67342.291300416,53383.00000000001,4.333333333333333,56990,0.46153846153846156,False,True,64706.666666666664,4,0.0,0.1,0.4,0.3,0.2,62990.0,False,False,True,ALGORITMO_ESTRATEGICO,14460.0,22.95602476583585,"⚙️ <b>Algoritmo Estratégico</b><br>Costo: $48,530 | Piso Margen: 25.0%<br>📊 <b>Pesos:</b> 🧑‍💼 Hum: 0% | 🧠 Elast: 10% | 🏢 Estrat: 40% | 📈 Macr: 30% | 📦 Stk: 20%<br>⚠️ <b>Capa 8 (Elasticidad):</b> Rechazo de mercado detectado (Retención: 46%). Se prioriza recuperar volumen.<br>🚥 <b>Capa 7:</b> Amortiguador Activo. Alza capada al 5% para proteger al cliente.<br>"
7321831691629,"VANNAIR INHALADOR 160/4,5 X 120 DOSIS (BUDESONIDA/FORMOTEROL)",KVI_KNOWN_VALUE_ITEM,2026-07-01,170970,3,143673,21327,0.1484,56990,48530,56990,3,0.0,False,0.14844709598175118,56990.0,0.4870000686012211,0.25,30000.0,64706.666666666664,0.25,64706.666666666664,67342.291300416,inf,0.0,,,-8.0,True,-0.5,1.0,67342.291300416,53383.00000000001,4.333333333333333,56990,0.6923076923076924,False,True,64706.666666666664,5,0.0,0.1,0.4,0.3,0.2,65990.0,False,False,False,ALGORITMO_ESTRATEGICO,17460.0,26.458554326413093,"⚙️ <b>Algoritmo Estratégico</b><br>Costo: $48,530 | Piso Margen: 25.0%<br>📊 <b>Pesos:</b> 🧑‍💼 Hum: 0% | 🧠 Elast: 10% | 🏢 Estrat: 40% | 📈 Macr: 30% | 📦 Stk: 20%<br>⚠️ <b>Capa 8 (Elasticidad):</b> Rechazo de mercado detectado (Retención: 69%). Se prioriza recuperar volumen.<br>📦 <b>Capa 5:</b> Blindaje por Bajo Stock (Descuento suspendido para proteger margen).<br>"
7321831691629,"VANNAIR INHALADOR 160/4,5 X 120 DOSIS (BUDESONIDA/FORMOTEROL)",KVI_KNOWN_VALUE_ITEM,2026-08-01,227960,4,191564,28436,0.1484,56990,48530,56990,4,0.0,False,0.14844709598175118,56990.0,0.4870000686012211,0.25,30000.0,64706.666666666664,0.25,64706.666666666664,67342.291300416,inf,0.0,,,-12.0,True,0.5,1.0,67342.291300416,53383.00000000001,4.333333333333333,56990,0.9230769230769231,True,False,56990.0,6,0.0,0.6,0.1,0.2,0.1,60990.0,False,False,False,ALGORITMO_ESTRATEGICO,12460.0,20.42957861944581,"⚙️ <b>Algoritmo Estratégico</b><br>Costo: $48,530 | Piso Margen: 25.0%<br>📊 <b>Pesos:</b> 🧑‍💼 Hum: 0% | 🧠 Elast: 60% | 🏢 Estrat: 10% | 📈 Macr: 20% | 📦 Stk: 10%<br>🎯 <b>Capa 8 (Elasticidad):</b> Mercado validó el precio (Retención: 92%). El experto defiende el valor comercial.<br>"
